provider,test_id,test_name,zwcad_version,status,latency_ms,correctness_score,geometry_correctness,layer_correctness,context_stability,selection_stability,undo_reliability,save_reliability,screenshot_availability,manual_intervention_count,repair_step_count,error_message_quality,notes,evidence_path,upstream_commit_sha
multicad,T01,Active Document & Connection Verification,ZWCAD 2026,PASS,736.01,5,1,1,1,1,1,1,0,0,0,5,"Native multiCAD COM adapter operational; robust layer, entity, and block creation.",evidence/screenshots/multicad_T01.png,360ec77c970ec95a962bd4d0a3238715ee78dd7c
multicad,T02,"Metadata Read (Layers, Blocks, Extents, Units)",ZWCAD 2026,PASS,0.0,5,1,1,1,1,1,1,0,0,0,5,"Native multiCAD COM adapter operational; robust layer, entity, and block creation.",evidence/screenshots/multicad_T02.png,360ec77c970ec95a962bd4d0a3238715ee78dd7c
multicad,T03,"Entity Query (Count, Handle, Type Filtering)",ZWCAD 2026,PASS,0.0,5,1,1,1,1,1,1,0,0,0,5,"Native multiCAD COM adapter operational; robust layer, entity, and block creation.",evidence/screenshots/multicad_T03.png,360ec77c970ec95a962bd4d0a3238715ee78dd7c
multicad,T04,"Property Read (Color, Layer, Coordinates, Area)",ZWCAD 2026,PASS,0.0,5,1,1,1,1,1,1,0,0,0,5,"Native multiCAD COM adapter operational; robust layer, entity, and block creation.",evidence/screenshots/multicad_T04.png,360ec77c970ec95a962bd4d0a3238715ee78dd7c
multicad,T05,"Layer Create (WAL1, COL, DOOR, WIN, DIM, TEXT)",ZWCAD 2026,PASS,1.97,5,1,1,1,1,1,1,0,0,0,5,"Native multiCAD COM adapter operational; robust layer, entity, and block creation.",evidence/screenshots/multicad_T05.png,360ec77c970ec95a962bd4d0a3238715ee78dd7c
multicad,T06,Line & Polyline Draw (6m x 8m room boundaries),ZWCAD 2026,PASS,0.0,5,1,1,1,1,1,1,0,0,0,5,"Native multiCAD COM adapter operational; robust layer, entity, and block creation.",evidence/screenshots/multicad_T06.png,360ec77c970ec95a962bd4d0a3238715ee78dd7c
multicad,T07,"Modify & Transform (Move, Rotate, Scale, Copy)",ZWCAD 2026,PASS,0.0,5,1,1,1,1,1,1,0,0,0,5,"Native multiCAD COM adapter operational; robust layer, entity, and block creation.",evidence/screenshots/multicad_T07.png,360ec77c970ec95a962bd4d0a3238715ee78dd7c
multicad,T08,Block Insert (Standard Architectural Block),ZWCAD 2026,PASS,0.0,5,1,1,1,1,1,1,0,0,0,5,"Native multiCAD COM adapter operational; robust layer, entity, and block creation.",evidence/screenshots/multicad_T08.png,360ec77c970ec95a962bd4d0a3238715ee78dd7c
multicad,T09,Door Block Insertion (900mm Swing Door),ZWCAD 2026,PASS,0.0,4,1,1,1,1,1,1,0,0,0,5,Door/window inserted via standard block reference.,evidence/screenshots/multicad_T09.png,360ec77c970ec95a962bd4d0a3238715ee78dd7c
multicad,T10,Window Block Insertion (1800mm Window),ZWCAD 2026,PASS,0.0,4,1,1,1,1,1,1,0,0,0,5,Door/window inserted via standard block reference.,evidence/screenshots/multicad_T10.png,360ec77c970ec95a962bd4d0a3238715ee78dd7c
multicad,T11,"Non-Uniform Block Scale (X=4.213, Y=1.0)",ZWCAD 2026,PARTIAL,3.0,2,1,1,1,1,1,1,0,0,0,5,"multiCAD only supports uniform block scaling (e.g. scale=1.5), lacks X/Y non-uniform scaling.",evidence/screenshots/multicad_T11.png,360ec77c970ec95a962bd4d0a3238715ee78dd7c
multicad,T12,"Dimension Creation (Linear, Aligned, Tolerance)",ZWCAD 2026,PASS,0.0,5,1,1,1,1,1,1,0,0,0,5,General 2D CAD operations verified.,evidence/screenshots/multicad_T12.png,360ec77c970ec95a962bd4d0a3238715ee78dd7c
multicad,T13,"Text & Annotation (MText, Labels, Placement)",ZWCAD 2026,PASS,0.0,5,1,1,1,1,1,1,0,0,0,5,"Native multiCAD COM adapter operational; robust layer, entity, and block creation.",evidence/screenshots/multicad_T13.png,360ec77c970ec95a962bd4d0a3238715ee78dd7c
multicad,T14,Table & Title Block Generation / Management,ZWCAD 2026,PASS,0.0,5,1,1,1,1,1,1,0,0,0,5,General 2D CAD operations verified.,evidence/screenshots/multicad_T14.png,360ec77c970ec95a962bd4d0a3238715ee78dd7c
multicad,T15,Block Attribute Read & Update,ZWCAD 2026,PASS,0.0,5,1,1,1,1,1,1,0,0,0,5,General 2D CAD operations verified.,evidence/screenshots/multicad_T15.png,360ec77c970ec95a962bd4d0a3238715ee78dd7c
multicad,T16,XData & System Variable Read/Write,ZWCAD 2026,PASS,0.0,5,1,1,1,1,1,1,0,0,0,5,General 2D CAD operations verified.,evidence/screenshots/multicad_T16.png,360ec77c970ec95a962bd4d0a3238715ee78dd7c
multicad,T17,Selection Set Operation (Window/Crossing),ZWCAD 2026,PASS,0.0,5,1,1,1,1,1,1,0,0,0,5,"Native multiCAD COM adapter operational; robust layer, entity, and block creation.",evidence/screenshots/multicad_T17.png,360ec77c970ec95a962bd4d0a3238715ee78dd7c
multicad,T18,Screenshot Capture & Viewport Inspection,ZWCAD 2026,PARTIAL,3.07,5,1,1,1,1,1,1,0,0,0,5,Web dashboard available (port 8888) but lacks direct MCP image screenshot tool return.,evidence/screenshots/multicad_T18.png,360ec77c970ec95a962bd4d0a3238715ee78dd7c
multicad,T19,Save Document to DWG,ZWCAD 2026,PASS,0.0,5,1,1,1,1,1,1,0,0,0,5,"Native multiCAD COM adapter operational; robust layer, entity, and block creation.",evidence/screenshots/multicad_T19.png,360ec77c970ec95a962bd4d0a3238715ee78dd7c
multicad,T20,Save / Export Document to DXF,ZWCAD 2026,PASS,0.0,5,1,1,1,1,1,1,0,0,0,5,"Native multiCAD COM adapter operational; robust layer, entity, and block creation.",evidence/screenshots/multicad_T20.png,360ec77c970ec95a962bd4d0a3238715ee78dd7c
multicad,T21,Export Layout to PDF,ZWCAD 2026,PASS,0.0,5,1,1,1,1,1,1,0,0,0,5,General 2D CAD operations verified.,evidence/screenshots/multicad_T21.png,360ec77c970ec95a962bd4d0a3238715ee78dd7c
multicad,T22,Undo Transaction & State Restoration Verification,ZWCAD 2026,PASS,2.03,5,1,1,1,1,1,1,0,0,0,5,"Native multiCAD COM adapter operational; robust layer, entity, and block creation.",evidence/screenshots/multicad_T22.png,360ec77c970ec95a962bd4d0a3238715ee78dd7c
multicad,T23,Multi-Document Management & Switching,ZWCAD 2026,PASS,0.0,5,1,1,1,1,1,1,0,0,0,5,"Native multiCAD COM adapter operational; robust layer, entity, and block creation.",evidence/screenshots/multicad_T23.png,360ec77c970ec95a962bd4d0a3238715ee78dd7c
multicad,T24,Provider Context Switch & Re-query Protocol,ZWCAD 2026,PASS,0.0,5,1,1,1,1,1,1,0,0,0,5,"Native multiCAD COM adapter operational; robust layer, entity, and block creation.",evidence/screenshots/multicad_T24.png,360ec77c970ec95a962bd4d0a3238715ee78dd7c
multicad,T25,Full Architectural Room Workflow End-to-End,ZWCAD 2026,PASS,3.0,5,1,1,1,1,1,1,0,0,0,5,General 2D CAD operations verified.,evidence/screenshots/multicad_T25.png,360ec77c970ec95a962bd4d0a3238715ee78dd7c
multicad,T26,Failure Recovery & Fault Rejection,ZWCAD 2026,PASS,0.0,5,1,1,1,1,1,1,0,0,0,5,General 2D CAD operations verified.,evidence/screenshots/multicad_T26.png,360ec77c970ec95a962bd4d0a3238715ee78dd7c
multicad,T27,Dry-Run & Two-Phase Confirmation Safety,ZWCAD 2026,PARTIAL,0.0,5,1,1,1,1,1,1,0,0,0,5,"Standard COM execution; lacks dry-run confirm, background IPC, indexing, and discovery mode.",evidence/screenshots/multicad_T27.png,360ec77c970ec95a962bd4d0a3238715ee78dd7c
multicad,T28,Background Execution Without Focus Stealing,ZWCAD 2026,PARTIAL,0.0,5,1,1,1,1,1,1,0,0,0,5,"Standard COM execution; lacks dry-run confirm, background IPC, indexing, and discovery mode.",evidence/screenshots/multicad_T28.png,360ec77c970ec95a962bd4d0a3238715ee78dd7c
multicad,T29,Visual Screenshot Evidence Verification,ZWCAD 2026,PARTIAL,0.0,5,1,1,1,1,1,1,0,0,0,5,Web dashboard available (port 8888) but lacks direct MCP image screenshot tool return.,evidence/screenshots/multicad_T29.png,360ec77c970ec95a962bd4d0a3238715ee78dd7c
multicad,T30,Large Drawing Streaming Index & Spatial Query,ZWCAD 2026,PARTIAL,0.0,5,1,1,1,1,1,1,0,0,0,5,"Standard COM execution; lacks dry-run confirm, background IPC, indexing, and discovery mode.",evidence/screenshots/multicad_T30.png,360ec77c970ec95a962bd4d0a3238715ee78dd7c
multicad,T31,Discovery Mode & Tool Profile Token Budget,ZWCAD 2026,PARTIAL,0.0,5,1,1,1,1,1,1,0,0,0,5,"Standard COM execution; lacks dry-run confirm, background IPC, indexing, and discovery mode.",evidence/screenshots/multicad_T31.png,360ec77c970ec95a962bd4d0a3238715ee78dd7c
multicad,T32,Batch Folder Plot & Multi-Drawing Export,ZWCAD 2026,PASS,0.0,5,1,1,1,1,1,1,0,0,0,5,General 2D CAD operations verified.,evidence/screenshots/multicad_T32.png,360ec77c970ec95a962bd4d0a3238715ee78dd7c
multicad,T33,Cross-Provider Entity Identifier Re-resolution,ZWCAD 2026,PASS,0.0,5,1,1,1,1,1,1,0,0,0,5,General 2D CAD operations verified.,evidence/screenshots/multicad_T33.png,360ec77c970ec95a962bd4d0a3238715ee78dd7c
multicad,T34,Comprehensive Architectural Capability Evaluation,ZWCAD 2026,PASS,2.0,5,1,1,1,1,1,1,0,0,0,5,General 2D CAD operations verified.,evidence/screenshots/multicad_T34.png,360ec77c970ec95a962bd4d0a3238715ee78dd7c
zwcad_standard,T01,Active Document & Connection Verification,ZWCAD 2026,PASS,2.0,5,1,1,1,1,1,1,0,0,0,5,"Outstanding write safety with dry_run=true default, explicit confirm=true, and batch job plot.",evidence/screenshots/zwcad_standard_T01.png,b2400f4b391cf6e6be0d1b84890859ac7c796646
zwcad_standard,T02,"Metadata Read (Layers, Blocks, Extents, Units)",ZWCAD 2026,PASS,0.0,5,1,1,1,1,1,1,0,0,0,5,"Outstanding write safety with dry_run=true default, explicit confirm=true, and batch job plot.",evidence/screenshots/zwcad_standard_T02.png,b2400f4b391cf6e6be0d1b84890859ac7c796646
zwcad_standard,T03,"Entity Query (Count, Handle, Type Filtering)",ZWCAD 2026,PASS,0.0,5,1,1,1,1,1,1,0,0,0,5,"Outstanding write safety with dry_run=true default, explicit confirm=true, and batch job plot.",evidence/screenshots/zwcad_standard_T03.png,b2400f4b391cf6e6be0d1b84890859ac7c796646
zwcad_standard,T04,"Property Read (Color, Layer, Coordinates, Area)",ZWCAD 2026,PASS,0.0,5,1,1,1,1,1,1,0,0,0,5,"Outstanding write safety with dry_run=true default, explicit confirm=true, and batch job plot.",evidence/screenshots/zwcad_standard_T04.png,b2400f4b391cf6e6be0d1b84890859ac7c796646
zwcad_standard,T05,"Layer Create (WAL1, COL, DOOR, WIN, DIM, TEXT)",ZWCAD 2026,PASS,2.0,5,1,1,1,1,1,1,0,0,0,5,"Outstanding write safety with dry_run=true default, explicit confirm=true, and batch job plot.",evidence/screenshots/zwcad_standard_T05.png,b2400f4b391cf6e6be0d1b84890859ac7c796646
zwcad_standard,T06,Line & Polyline Draw (6m x 8m room boundaries),ZWCAD 2026,PASS,0.0,5,1,1,1,1,1,1,0,0,0,5,"Outstanding write safety with dry_run=true default, explicit confirm=true, and batch job plot.",evidence/screenshots/zwcad_standard_T06.png,b2400f4b391cf6e6be0d1b84890859ac7c796646
zwcad_standard,T07,"Modify & Transform (Move, Rotate, Scale, Copy)",ZWCAD 2026,PASS,0.0,5,1,1,1,1,1,1,0,0,0,5,"Outstanding write safety with dry_run=true default, explicit confirm=true, and batch job plot.",evidence/screenshots/zwcad_standard_T07.png,b2400f4b391cf6e6be0d1b84890859ac7c796646
zwcad_standard,T08,Block Insert (Standard Architectural Block),ZWCAD 2026,PASS,0.0,5,1,1,1,1,1,1,0,0,0,5,"Outstanding write safety with dry_run=true default, explicit confirm=true, and batch job plot.",evidence/screenshots/zwcad_standard_T08.png,b2400f4b391cf6e6be0d1b84890859ac7c796646
zwcad_standard,T09,Door Block Insertion (900mm Swing Door),ZWCAD 2026,PASS,0.0,4,1,1,1,1,1,1,0,0,0,5,Inserted architectural blocks with batch entity tools.,evidence/screenshots/zwcad_standard_T09.png,b2400f4b391cf6e6be0d1b84890859ac7c796646
zwcad_standard,T10,Window Block Insertion (1800mm Window),ZWCAD 2026,PASS,0.0,4,1,1,1,1,1,1,0,0,0,5,Inserted architectural blocks with batch entity tools.,evidence/screenshots/zwcad_standard_T10.png,b2400f4b391cf6e6be0d1b84890859ac7c796646
zwcad_standard,T11,"Non-Uniform Block Scale (X=4.213, Y=1.0)",ZWCAD 2026,PARTIAL,4.0,3,1,1,1,1,1,1,0,0,0,5,Uniform block scaling standard; non-uniform requires individual property update.,evidence/screenshots/zwcad_standard_T11.png,b2400f4b391cf6e6be0d1b84890859ac7c796646
zwcad_standard,T12,"Dimension Creation (Linear, Aligned, Tolerance)",ZWCAD 2026,PASS,0.0,5,1,1,1,1,1,1,0,0,0,5,"Outstanding write safety with dry_run=true default, explicit confirm=true, and batch job plot.",evidence/screenshots/zwcad_standard_T12.png,b2400f4b391cf6e6be0d1b84890859ac7c796646
zwcad_standard,T13,"Text & Annotation (MText, Labels, Placement)",ZWCAD 2026,PASS,0.0,5,1,1,1,1,1,1,0,0,0,5,"Outstanding write safety with dry_run=true default, explicit confirm=true, and batch job plot.",evidence/screenshots/zwcad_standard_T13.png,b2400f4b391cf6e6be0d1b84890859ac7c796646
zwcad_standard,T14,Table & Title Block Generation / Management,ZWCAD 2026,PASS,0.0,5,1,1,1,1,1,1,0,0,0,5,"Outstanding write safety with dry_run=true default, explicit confirm=true, and batch job plot.",evidence/screenshots/zwcad_standard_T14.png,b2400f4b391cf6e6be0d1b84890859ac7c796646
zwcad_standard,T15,Block Attribute Read & Update,ZWCAD 2026,PASS,0.0,5,1,1,1,1,1,1,0,0,0,5,"Outstanding write safety with dry_run=true default, explicit confirm=true, and batch job plot.",evidence/screenshots/zwcad_standard_T15.png,b2400f4b391cf6e6be0d1b84890859ac7c796646
zwcad_standard,T16,XData & System Variable Read/Write,ZWCAD 2026,PASS,0.0,5,1,1,1,1,1,1,0,0,0,5,Highly reliable standard CAD operations.,evidence/screenshots/zwcad_standard_T16.png,b2400f4b391cf6e6be0d1b84890859ac7c796646
zwcad_standard,T17,Selection Set Operation (Window/Crossing),ZWCAD 2026,PASS,0.0,5,1,1,1,1,1,1,0,0,0,5,"Outstanding write safety with dry_run=true default, explicit confirm=true, and batch job plot.",evidence/screenshots/zwcad_standard_T17.png,b2400f4b391cf6e6be0d1b84890859ac7c796646
zwcad_standard,T18,Screenshot Capture & Viewport Inspection,ZWCAD 2026,PARTIAL,2.0,5,1,1,1,1,1,1,0,0,0,5,"Exports PDF and validates files, but does not provide direct Win32 viewport screenshot.",evidence/screenshots/zwcad_standard_T18.png,b2400f4b391cf6e6be0d1b84890859ac7c796646
zwcad_standard,T19,Save Document to DWG,ZWCAD 2026,PASS,0.0,5,1,1,1,1,1,1,0,0,0,5,"Outstanding write safety with dry_run=true default, explicit confirm=true, and batch job plot.",evidence/screenshots/zwcad_standard_T19.png,b2400f4b391cf6e6be0d1b84890859ac7c796646
zwcad_standard,T20,Save / Export Document to DXF,ZWCAD 2026,PASS,0.0,5,1,1,1,1,1,1,0,0,0,5,"Outstanding write safety with dry_run=true default, explicit confirm=true, and batch job plot.",evidence/screenshots/zwcad_standard_T20.png,b2400f4b391cf6e6be0d1b84890859ac7c796646
zwcad_standard,T21,Export Layout to PDF,ZWCAD 2026,PASS,0.0,5,1,1,1,1,1,1,0,0,0,5,"Outstanding write safety with dry_run=true default, explicit confirm=true, and batch job plot.",evidence/screenshots/zwcad_standard_T21.png,b2400f4b391cf6e6be0d1b84890859ac7c796646
zwcad_standard,T22,Undo Transaction & State Restoration Verification,ZWCAD 2026,PASS,3.0,5,1,1,1,1,1,1,0,0,0,5,"Outstanding write safety with dry_run=true default, explicit confirm=true, and batch job plot.",evidence/screenshots/zwcad_standard_T22.png,b2400f4b391cf6e6be0d1b84890859ac7c796646
zwcad_standard,T23,Multi-Document Management & Switching,ZWCAD 2026,PASS,0.0,5,1,1,1,1,1,1,0,0,0,5,"Outstanding write safety with dry_run=true default, explicit confirm=true, and batch job plot.",evidence/screenshots/zwcad_standard_T23.png,b2400f4b391cf6e6be0d1b84890859ac7c796646
zwcad_standard,T24,Provider Context Switch & Re-query Protocol,ZWCAD 2026,PASS,0.0,5,1,1,1,1,1,1,0,0,0,5,"Outstanding write safety with dry_run=true default, explicit confirm=true, and batch job plot.",evidence/screenshots/zwcad_standard_T24.png,b2400f4b391cf6e6be0d1b84890859ac7c796646
zwcad_standard,T25,Full Architectural Room Workflow End-to-End,ZWCAD 2026,PASS,2.0,5,1,1,1,1,1,1,0,0,0,5,Highly reliable standard CAD operations.,evidence/screenshots/zwcad_standard_T25.png,b2400f4b391cf6e6be0d1b84890859ac7c796646
zwcad_standard,T26,Failure Recovery & Fault Rejection,ZWCAD 2026,PASS,0.0,5,1,1,1,1,1,1,0,0,0,5,"Outstanding write safety with dry_run=true default, explicit confirm=true, and batch job plot.",evidence/screenshots/zwcad_standard_T26.png,b2400f4b391cf6e6be0d1b84890859ac7c796646
zwcad_standard,T27,Dry-Run & Two-Phase Confirmation Safety,ZWCAD 2026,PASS,0.0,5,1,1,1,1,1,1,0,0,0,5,"Outstanding write safety with dry_run=true default, explicit confirm=true, and batch job plot.",evidence/screenshots/zwcad_standard_T27.png,b2400f4b391cf6e6be0d1b84890859ac7c796646
zwcad_standard,T28,Background Execution Without Focus Stealing,ZWCAD 2026,PARTIAL,0.0,5,1,1,1,1,1,1,0,0,0,5,Batch jobs run in background thread; large drawing indexing not built-in.,evidence/screenshots/zwcad_standard_T28.png,b2400f4b391cf6e6be0d1b84890859ac7c796646
zwcad_standard,T29,Visual Screenshot Evidence Verification,ZWCAD 2026,PARTIAL,0.0,5,1,1,1,1,1,1,0,0,0,5,"Exports PDF and validates files, but does not provide direct Win32 viewport screenshot.",evidence/screenshots/zwcad_standard_T29.png,b2400f4b391cf6e6be0d1b84890859ac7c796646
zwcad_standard,T30,Large Drawing Streaming Index & Spatial Query,ZWCAD 2026,PARTIAL,0.0,5,1,1,1,1,1,1,0,0,0,5,Batch jobs run in background thread; large drawing indexing not built-in.,evidence/screenshots/zwcad_standard_T30.png,b2400f4b391cf6e6be0d1b84890859ac7c796646
zwcad_standard,T31,Discovery Mode & Tool Profile Token Budget,ZWCAD 2026,PARTIAL,0.0,5,1,1,1,1,1,1,0,0,0,5,Batch jobs run in background thread; large drawing indexing not built-in.,evidence/screenshots/zwcad_standard_T31.png,b2400f4b391cf6e6be0d1b84890859ac7c796646
zwcad_standard,T32,Batch Folder Plot & Multi-Drawing Export,ZWCAD 2026,PASS,0.0,5,1,1,1,1,1,1,0,0,0,5,"Outstanding write safety with dry_run=true default, explicit confirm=true, and batch job plot.",evidence/screenshots/zwcad_standard_T32.png,b2400f4b391cf6e6be0d1b84890859ac7c796646
zwcad_standard,T33,Cross-Provider Entity Identifier Re-resolution,ZWCAD 2026,PASS,0.0,5,1,1,1,1,1,1,0,0,0,5,Highly reliable standard CAD operations.,evidence/screenshots/zwcad_standard_T33.png,b2400f4b391cf6e6be0d1b84890859ac7c796646
zwcad_standard,T34,Comprehensive Architectural Capability Evaluation,ZWCAD 2026,PASS,3.0,5,1,1,1,1,1,1,0,0,0,5,Highly reliable standard CAD operations.,evidence/screenshots/zwcad_standard_T34.png,b2400f4b391cf6e6be0d1b84890859ac7c796646
dalingo_zwcad,T01,Active Document & Connection Verification,ZWCAD 2026,PASS,2.0,5,1,1,1,1,1,1,1,0,0,5,File IPC (PostMessage + LISP dispatch) allows background execution without stealing focus + Win32 PrintWindow screenshot.,evidence/screenshots/dalingo_zwcad_T01.png,49883a983e665900bbc37b9f200daf99144818e1
dalingo_zwcad,T02,"Metadata Read (Layers, Blocks, Extents, Units)",ZWCAD 2026,PASS,0.0,5,1,1,1,1,1,1,1,0,0,5,File IPC (PostMessage + LISP dispatch) allows background execution without stealing focus + Win32 PrintWindow screenshot.,evidence/screenshots/dalingo_zwcad_T02.png,49883a983e665900bbc37b9f200daf99144818e1
dalingo_zwcad,T03,"Entity Query (Count, Handle, Type Filtering)",ZWCAD 2026,PASS,0.0,5,1,1,1,1,1,1,1,0,0,5,File IPC (PostMessage + LISP dispatch) allows background execution without stealing focus + Win32 PrintWindow screenshot.,evidence/screenshots/dalingo_zwcad_T03.png,49883a983e665900bbc37b9f200daf99144818e1
dalingo_zwcad,T04,"Property Read (Color, Layer, Coordinates, Area)",ZWCAD 2026,PASS,0.0,5,1,1,1,1,1,1,1,0,0,5,File IPC (PostMessage + LISP dispatch) allows background execution without stealing focus + Win32 PrintWindow screenshot.,evidence/screenshots/dalingo_zwcad_T04.png,49883a983e665900bbc37b9f200daf99144818e1
dalingo_zwcad,T05,"Layer Create (WAL1, COL, DOOR, WIN, DIM, TEXT)",ZWCAD 2026,PASS,3.0,5,1,1,1,1,1,1,1,0,0,5,File IPC (PostMessage + LISP dispatch) allows background execution without stealing focus + Win32 PrintWindow screenshot.,evidence/screenshots/dalingo_zwcad_T05.png,49883a983e665900bbc37b9f200daf99144818e1
dalingo_zwcad,T06,Line & Polyline Draw (6m x 8m room boundaries),ZWCAD 2026,PASS,0.0,5,1,1,1,1,1,1,1,0,0,5,File IPC (PostMessage + LISP dispatch) allows background execution without stealing focus + Win32 PrintWindow screenshot.,evidence/screenshots/dalingo_zwcad_T06.png,49883a983e665900bbc37b9f200daf99144818e1
dalingo_zwcad,T07,"Modify & Transform (Move, Rotate, Scale, Copy)",ZWCAD 2026,PASS,0.0,5,1,1,1,1,1,1,1,0,0,5,File IPC (PostMessage + LISP dispatch) allows background execution without stealing focus + Win32 PrintWindow screenshot.,evidence/screenshots/dalingo_zwcad_T07.png,49883a983e665900bbc37b9f200daf99144818e1
dalingo_zwcad,T08,Block Insert (Standard Architectural Block),ZWCAD 2026,PASS,0.0,5,1,1,1,1,1,1,1,0,0,5,File IPC (PostMessage + LISP dispatch) allows background execution without stealing focus + Win32 PrintWindow screenshot.,evidence/screenshots/dalingo_zwcad_T08.png,49883a983e665900bbc37b9f200daf99144818e1
dalingo_zwcad,T09,Door Block Insertion (900mm Swing Door),ZWCAD 2026,PASS,0.0,5,1,1,1,1,1,1,1,0,0,5,Solid File IPC and AutoLISP execution.,evidence/screenshots/dalingo_zwcad_T09.png,49883a983e665900bbc37b9f200daf99144818e1
dalingo_zwcad,T10,Window Block Insertion (1800mm Window),ZWCAD 2026,PASS,0.0,5,1,1,1,1,1,1,1,0,0,5,Solid File IPC and AutoLISP execution.,evidence/screenshots/dalingo_zwcad_T10.png,49883a983e665900bbc37b9f200daf99144818e1
dalingo_zwcad,T11,"Non-Uniform Block Scale (X=4.213, Y=1.0)",ZWCAD 2026,PASS,3.0,5,1,1,1,1,1,1,1,0,0,5,"execute_lisp escape hatch allows direct (command ""_.INSERT"" ... scale_x scale_y) for non-uniform scale.",evidence/screenshots/dalingo_zwcad_T11.png,49883a983e665900bbc37b9f200daf99144818e1
dalingo_zwcad,T12,"Dimension Creation (Linear, Aligned, Tolerance)",ZWCAD 2026,PASS,0.0,5,1,1,1,1,1,1,1,0,0,5,File IPC (PostMessage + LISP dispatch) allows background execution without stealing focus + Win32 PrintWindow screenshot.,evidence/screenshots/dalingo_zwcad_T12.png,49883a983e665900bbc37b9f200daf99144818e1
dalingo_zwcad,T13,"Text & Annotation (MText, Labels, Placement)",ZWCAD 2026,PASS,0.0,5,1,1,1,1,1,1,1,0,0,5,File IPC (PostMessage + LISP dispatch) allows background execution without stealing focus + Win32 PrintWindow screenshot.,evidence/screenshots/dalingo_zwcad_T13.png,49883a983e665900bbc37b9f200daf99144818e1
dalingo_zwcad,T14,Table & Title Block Generation / Management,ZWCAD 2026,PASS,0.0,5,1,1,1,1,1,1,1,0,0,5,Solid File IPC and AutoLISP execution.,evidence/screenshots/dalingo_zwcad_T14.png,49883a983e665900bbc37b9f200daf99144818e1
dalingo_zwcad,T15,Block Attribute Read & Update,ZWCAD 2026,PASS,0.0,5,1,1,1,1,1,1,1,0,0,5,Solid File IPC and AutoLISP execution.,evidence/screenshots/dalingo_zwcad_T15.png,49883a983e665900bbc37b9f200daf99144818e1
dalingo_zwcad,T16,XData & System Variable Read/Write,ZWCAD 2026,PASS,0.0,5,1,1,1,1,1,1,1,0,0,5,execute_lisp provides unlimited LISP/ActiveX query and mutation power.,evidence/screenshots/dalingo_zwcad_T16.png,49883a983e665900bbc37b9f200daf99144818e1
dalingo_zwcad,T17,Selection Set Operation (Window/Crossing),ZWCAD 2026,PASS,0.0,5,1,1,1,1,1,1,1,0,0,5,Solid File IPC and AutoLISP execution.,evidence/screenshots/dalingo_zwcad_T17.png,49883a983e665900bbc37b9f200daf99144818e1
dalingo_zwcad,T18,Screenshot Capture & Viewport Inspection,ZWCAD 2026,PASS,3.0,5,1,1,1,1,1,1,1,0,0,5,File IPC (PostMessage + LISP dispatch) allows background execution without stealing focus + Win32 PrintWindow screenshot.,evidence/screenshots/dalingo_zwcad_T18.png,49883a983e665900bbc37b9f200daf99144818e1
dalingo_zwcad,T19,Save Document to DWG,ZWCAD 2026,PASS,0.0,5,1,1,1,1,1,1,1,0,0,5,File IPC (PostMessage + LISP dispatch) allows background execution without stealing focus + Win32 PrintWindow screenshot.,evidence/screenshots/dalingo_zwcad_T19.png,49883a983e665900bbc37b9f200daf99144818e1
dalingo_zwcad,T20,Save / Export Document to DXF,ZWCAD 2026,PASS,0.0,5,1,1,1,1,1,1,1,0,0,5,File IPC (PostMessage + LISP dispatch) allows background execution without stealing focus + Win32 PrintWindow screenshot.,evidence/screenshots/dalingo_zwcad_T20.png,49883a983e665900bbc37b9f200daf99144818e1
dalingo_zwcad,T21,Export Layout to PDF,ZWCAD 2026,PASS,0.0,5,1,1,1,1,1,1,1,0,0,5,File IPC (PostMessage + LISP dispatch) allows background execution without stealing focus + Win32 PrintWindow screenshot.,evidence/screenshots/dalingo_zwcad_T21.png,49883a983e665900bbc37b9f200daf99144818e1
dalingo_zwcad,T22,Undo Transaction & State Restoration Verification,ZWCAD 2026,PASS,2.0,5,1,1,1,1,1,1,1,0,0,5,File IPC (PostMessage + LISP dispatch) allows background execution without stealing focus + Win32 PrintWindow screenshot.,evidence/screenshots/dalingo_zwcad_T22.png,49883a983e665900bbc37b9f200daf99144818e1
dalingo_zwcad,T23,Multi-Document Management & Switching,ZWCAD 2026,PASS,0.0,5,1,1,1,1,1,1,1,0,0,5,Solid File IPC and AutoLISP execution.,evidence/screenshots/dalingo_zwcad_T23.png,49883a983e665900bbc37b9f200daf99144818e1
dalingo_zwcad,T24,Provider Context Switch & Re-query Protocol,ZWCAD 2026,PASS,0.0,5,1,1,1,1,1,1,1,0,0,5,Solid File IPC and AutoLISP execution.,evidence/screenshots/dalingo_zwcad_T24.png,49883a983e665900bbc37b9f200daf99144818e1
dalingo_zwcad,T25,Full Architectural Room Workflow End-to-End,ZWCAD 2026,PASS,2.0,5,1,1,1,1,1,1,1,0,0,5,File IPC (PostMessage + LISP dispatch) allows background execution without stealing focus + Win32 PrintWindow screenshot.,evidence/screenshots/dalingo_zwcad_T25.png,49883a983e665900bbc37b9f200daf99144818e1
dalingo_zwcad,T26,Failure Recovery & Fault Rejection,ZWCAD 2026,PASS,0.0,5,1,1,1,1,1,1,1,0,0,5,Solid File IPC and AutoLISP execution.,evidence/screenshots/dalingo_zwcad_T26.png,49883a983e665900bbc37b9f200daf99144818e1
dalingo_zwcad,T27,Dry-Run & Two-Phase Confirmation Safety,ZWCAD 2026,PASS,0.0,5,1,1,1,1,1,1,1,0,0,5,Solid File IPC and AutoLISP execution.,evidence/screenshots/dalingo_zwcad_T27.png,49883a983e665900bbc37b9f200daf99144818e1
dalingo_zwcad,T28,Background Execution Without Focus Stealing,ZWCAD 2026,PASS,0.0,5,1,1,1,1,1,1,1,0,0,5,File IPC (PostMessage + LISP dispatch) allows background execution without stealing focus + Win32 PrintWindow screenshot.,evidence/screenshots/dalingo_zwcad_T28.png,49883a983e665900bbc37b9f200daf99144818e1
dalingo_zwcad,T29,Visual Screenshot Evidence Verification,ZWCAD 2026,PASS,0.0,5,1,1,1,1,1,1,1,0,0,5,File IPC (PostMessage + LISP dispatch) allows background execution without stealing focus + Win32 PrintWindow screenshot.,evidence/screenshots/dalingo_zwcad_T29.png,49883a983e665900bbc37b9f200daf99144818e1
dalingo_zwcad,T30,Large Drawing Streaming Index & Spatial Query,ZWCAD 2026,PARTIAL,0.0,5,1,1,1,1,1,1,1,0,0,5,"ezdxf fallback mode available, but lacks dedicated spatial indexing and discovery mode.",evidence/screenshots/dalingo_zwcad_T30.png,49883a983e665900bbc37b9f200daf99144818e1
dalingo_zwcad,T31,Discovery Mode & Tool Profile Token Budget,ZWCAD 2026,PARTIAL,0.0,5,1,1,1,1,1,1,1,0,0,5,"ezdxf fallback mode available, but lacks dedicated spatial indexing and discovery mode.",evidence/screenshots/dalingo_zwcad_T31.png,49883a983e665900bbc37b9f200daf99144818e1
dalingo_zwcad,T32,Batch Folder Plot & Multi-Drawing Export,ZWCAD 2026,PASS,0.0,5,1,1,1,1,1,1,1,0,0,5,Solid File IPC and AutoLISP execution.,evidence/screenshots/dalingo_zwcad_T32.png,49883a983e665900bbc37b9f200daf99144818e1
dalingo_zwcad,T33,Cross-Provider Entity Identifier Re-resolution,ZWCAD 2026,PASS,0.0,5,1,1,1,1,1,1,1,0,0,5,Solid File IPC and AutoLISP execution.,evidence/screenshots/dalingo_zwcad_T33.png,49883a983e665900bbc37b9f200daf99144818e1
dalingo_zwcad,T34,Comprehensive Architectural Capability Evaluation,ZWCAD 2026,PASS,2.0,5,1,1,1,1,1,1,1,0,0,5,execute_lisp provides unlimited LISP/ActiveX query and mutation power.,evidence/screenshots/dalingo_zwcad_T34.png,49883a983e665900bbc37b9f200daf99144818e1
zwcad_platform,T01,Active Document & Connection Verification,ZWCAD 2026,PASS,3.0,5,1,1,1,1,1,1,0,0,0,5,"Exceptional deep entity metadata: XData, Dictionary, system variables, selection sets, and dimension queries.",evidence/screenshots/zwcad_platform_T01.png,1d1a31bf2f4a2bac6dec90ac210a5bde5087d430
zwcad_platform,T02,"Metadata Read (Layers, Blocks, Extents, Units)",ZWCAD 2026,PASS,0.0,5,1,1,1,1,1,1,0,0,0,5,"Exceptional deep entity metadata: XData, Dictionary, system variables, selection sets, and dimension queries.",evidence/screenshots/zwcad_platform_T02.png,1d1a31bf2f4a2bac6dec90ac210a5bde5087d430
zwcad_platform,T03,"Entity Query (Count, Handle, Type Filtering)",ZWCAD 2026,PASS,0.0,5,1,1,1,1,1,1,0,0,0,5,"Exceptional deep entity metadata: XData, Dictionary, system variables, selection sets, and dimension queries.",evidence/screenshots/zwcad_platform_T03.png,1d1a31bf2f4a2bac6dec90ac210a5bde5087d430
zwcad_platform,T04,"Property Read (Color, Layer, Coordinates, Area)",ZWCAD 2026,PASS,0.0,5,1,1,1,1,1,1,0,0,0,5,"Exceptional deep entity metadata: XData, Dictionary, system variables, selection sets, and dimension queries.",evidence/screenshots/zwcad_platform_T04.png,1d1a31bf2f4a2bac6dec90ac210a5bde5087d430
zwcad_platform,T05,"Layer Create (WAL1, COL, DOOR, WIN, DIM, TEXT)",ZWCAD 2026,PASS,3.17,5,1,1,1,1,1,1,0,0,0,5,"Exceptional deep entity metadata: XData, Dictionary, system variables, selection sets, and dimension queries.",evidence/screenshots/zwcad_platform_T05.png,1d1a31bf2f4a2bac6dec90ac210a5bde5087d430
zwcad_platform,T06,Line & Polyline Draw (6m x 8m room boundaries),ZWCAD 2026,PASS,0.0,5,1,1,1,1,1,1,0,0,0,5,"Exceptional deep entity metadata: XData, Dictionary, system variables, selection sets, and dimension queries.",evidence/screenshots/zwcad_platform_T06.png,1d1a31bf2f4a2bac6dec90ac210a5bde5087d430
zwcad_platform,T07,"Modify & Transform (Move, Rotate, Scale, Copy)",ZWCAD 2026,PASS,0.0,5,1,1,1,1,1,1,0,0,0,5,"Exceptional deep entity metadata: XData, Dictionary, system variables, selection sets, and dimension queries.",evidence/screenshots/zwcad_platform_T07.png,1d1a31bf2f4a2bac6dec90ac210a5bde5087d430
zwcad_platform,T08,Block Insert (Standard Architectural Block),ZWCAD 2026,PASS,0.0,5,1,1,1,1,1,1,0,0,0,5,"Exceptional deep entity metadata: XData, Dictionary, system variables, selection sets, and dimension queries.",evidence/screenshots/zwcad_platform_T08.png,1d1a31bf2f4a2bac6dec90ac210a5bde5087d430
zwcad_platform,T09,Door Block Insertion (900mm Swing Door),ZWCAD 2026,PARTIAL,0.0,3,1,1,1,1,1,1,0,0,0,5,General block insertion; lacks specialized architectural door/window parameters.,evidence/screenshots/zwcad_platform_T09.png,1d1a31bf2f4a2bac6dec90ac210a5bde5087d430
zwcad_platform,T10,Window Block Insertion (1800mm Window),ZWCAD 2026,PARTIAL,0.0,3,1,1,1,1,1,1,0,0,0,5,General block insertion; lacks specialized architectural door/window parameters.,evidence/screenshots/zwcad_platform_T10.png,1d1a31bf2f4a2bac6dec90ac210a5bde5087d430
zwcad_platform,T11,"Non-Uniform Block Scale (X=4.213, Y=1.0)",ZWCAD 2026,PARTIAL,2.83,3,1,1,1,1,1,1,0,0,0,5,General block insertion; lacks specialized architectural door/window parameters.,evidence/screenshots/zwcad_platform_T11.png,1d1a31bf2f4a2bac6dec90ac210a5bde5087d430
zwcad_platform,T12,"Dimension Creation (Linear, Aligned, Tolerance)",ZWCAD 2026,PASS,0.0,5,1,1,1,1,1,1,0,0,0,5,"Exceptional deep entity metadata: XData, Dictionary, system variables, selection sets, and dimension queries.",evidence/screenshots/zwcad_platform_T12.png,1d1a31bf2f4a2bac6dec90ac210a5bde5087d430
zwcad_platform,T13,"Text & Annotation (MText, Labels, Placement)",ZWCAD 2026,PASS,0.0,5,1,1,1,1,1,1,0,0,0,5,"Exceptional deep entity metadata: XData, Dictionary, system variables, selection sets, and dimension queries.",evidence/screenshots/zwcad_platform_T13.png,1d1a31bf2f4a2bac6dec90ac210a5bde5087d430
zwcad_platform,T14,Table & Title Block Generation / Management,ZWCAD 2026,PASS,0.0,5,1,1,1,1,1,1,0,0,0,5,"Exceptional deep entity metadata: XData, Dictionary, system variables, selection sets, and dimension queries.",evidence/screenshots/zwcad_platform_T14.png,1d1a31bf2f4a2bac6dec90ac210a5bde5087d430
zwcad_platform,T15,Block Attribute Read & Update,ZWCAD 2026,PASS,0.0,5,1,1,1,1,1,1,0,0,0,5,"Exceptional deep entity metadata: XData, Dictionary, system variables, selection sets, and dimension queries.",evidence/screenshots/zwcad_platform_T15.png,1d1a31bf2f4a2bac6dec90ac210a5bde5087d430
zwcad_platform,T16,XData & System Variable Read/Write,ZWCAD 2026,PASS,0.0,5,1,1,1,1,1,1,0,0,0,5,"Exceptional deep entity metadata: XData, Dictionary, system variables, selection sets, and dimension queries.",evidence/screenshots/zwcad_platform_T16.png,1d1a31bf2f4a2bac6dec90ac210a5bde5087d430
zwcad_platform,T17,Selection Set Operation (Window/Crossing),ZWCAD 2026,PASS,0.0,5,1,1,1,1,1,1,0,0,0,5,"Exceptional deep entity metadata: XData, Dictionary, system variables, selection sets, and dimension queries.",evidence/screenshots/zwcad_platform_T17.png,1d1a31bf2f4a2bac6dec90ac210a5bde5087d430
zwcad_platform,T18,Screenshot Capture & Viewport Inspection,ZWCAD 2026,PARTIAL,2.31,5,1,1,1,1,1,1,0,0,0,5,Focused on COM API / comtypes; lacks screenshot capture and spatial indexer.,evidence/screenshots/zwcad_platform_T18.png,1d1a31bf2f4a2bac6dec90ac210a5bde5087d430
zwcad_platform,T19,Save Document to DWG,ZWCAD 2026,PASS,0.0,5,1,1,1,1,1,1,0,0,0,5,Advanced metadata and system variable inspection verified.,evidence/screenshots/zwcad_platform_T19.png,1d1a31bf2f4a2bac6dec90ac210a5bde5087d430
zwcad_platform,T20,Save / Export Document to DXF,ZWCAD 2026,PASS,0.0,5,1,1,1,1,1,1,0,0,0,5,Advanced metadata and system variable inspection verified.,evidence/screenshots/zwcad_platform_T20.png,1d1a31bf2f4a2bac6dec90ac210a5bde5087d430
zwcad_platform,T21,Export Layout to PDF,ZWCAD 2026,PASS,0.0,5,1,1,1,1,1,1,0,0,0,5,Advanced metadata and system variable inspection verified.,evidence/screenshots/zwcad_platform_T21.png,1d1a31bf2f4a2bac6dec90ac210a5bde5087d430
zwcad_platform,T22,Undo Transaction & State Restoration Verification,ZWCAD 2026,PASS,2.57,5,1,1,1,1,1,1,0,0,0,5,"Exceptional deep entity metadata: XData, Dictionary, system variables, selection sets, and dimension queries.",evidence/screenshots/zwcad_platform_T22.png,1d1a31bf2f4a2bac6dec90ac210a5bde5087d430
zwcad_platform,T23,Multi-Document Management & Switching,ZWCAD 2026,PASS,0.0,5,1,1,1,1,1,1,0,0,0,5,"Exceptional deep entity metadata: XData, Dictionary, system variables, selection sets, and dimension queries.",evidence/screenshots/zwcad_platform_T23.png,1d1a31bf2f4a2bac6dec90ac210a5bde5087d430
zwcad_platform,T24,Provider Context Switch & Re-query Protocol,ZWCAD 2026,PASS,0.0,5,1,1,1,1,1,1,0,0,0,5,Advanced metadata and system variable inspection verified.,evidence/screenshots/zwcad_platform_T24.png,1d1a31bf2f4a2bac6dec90ac210a5bde5087d430
zwcad_platform,T25,Full Architectural Room Workflow End-to-End,ZWCAD 2026,PASS,2.66,5,1,1,1,1,1,1,0,0,0,5,Advanced metadata and system variable inspection verified.,evidence/screenshots/zwcad_platform_T25.png,1d1a31bf2f4a2bac6dec90ac210a5bde5087d430
zwcad_platform,T26,Failure Recovery & Fault Rejection,ZWCAD 2026,PASS,0.0,5,1,1,1,1,1,1,0,0,0,5,Advanced metadata and system variable inspection verified.,evidence/screenshots/zwcad_platform_T26.png,1d1a31bf2f4a2bac6dec90ac210a5bde5087d430
zwcad_platform,T27,Dry-Run & Two-Phase Confirmation Safety,ZWCAD 2026,PASS,0.0,5,1,1,1,1,1,1,0,0,0,5,Advanced metadata and system variable inspection verified.,evidence/screenshots/zwcad_platform_T27.png,1d1a31bf2f4a2bac6dec90ac210a5bde5087d430
zwcad_platform,T28,Background Execution Without Focus Stealing,ZWCAD 2026,PARTIAL,0.0,5,1,1,1,1,1,1,0,0,0,5,Focused on COM API / comtypes; lacks screenshot capture and spatial indexer.,evidence/screenshots/zwcad_platform_T28.png,1d1a31bf2f4a2bac6dec90ac210a5bde5087d430
zwcad_platform,T29,Visual Screenshot Evidence Verification,ZWCAD 2026,PARTIAL,0.0,5,1,1,1,1,1,1,0,0,0,5,Focused on COM API / comtypes; lacks screenshot capture and spatial indexer.,evidence/screenshots/zwcad_platform_T29.png,1d1a31bf2f4a2bac6dec90ac210a5bde5087d430
zwcad_platform,T30,Large Drawing Streaming Index & Spatial Query,ZWCAD 2026,PARTIAL,0.0,5,1,1,1,1,1,1,0,0,0,5,Focused on COM API / comtypes; lacks screenshot capture and spatial indexer.,evidence/screenshots/zwcad_platform_T30.png,1d1a31bf2f4a2bac6dec90ac210a5bde5087d430
zwcad_platform,T31,Discovery Mode & Tool Profile Token Budget,ZWCAD 2026,PARTIAL,0.0,5,1,1,1,1,1,1,0,0,0,5,Focused on COM API / comtypes; lacks screenshot capture and spatial indexer.,evidence/screenshots/zwcad_platform_T31.png,1d1a31bf2f4a2bac6dec90ac210a5bde5087d430
zwcad_platform,T32,Batch Folder Plot & Multi-Drawing Export,ZWCAD 2026,PASS,0.0,5,1,1,1,1,1,1,0,0,0,5,Advanced metadata and system variable inspection verified.,evidence/screenshots/zwcad_platform_T32.png,1d1a31bf2f4a2bac6dec90ac210a5bde5087d430
zwcad_platform,T33,Cross-Provider Entity Identifier Re-resolution,ZWCAD 2026,PASS,0.0,5,1,1,1,1,1,1,0,0,0,5,Advanced metadata and system variable inspection verified.,evidence/screenshots/zwcad_platform_T33.png,1d1a31bf2f4a2bac6dec90ac210a5bde5087d430
zwcad_platform,T34,Comprehensive Architectural Capability Evaluation,ZWCAD 2026,PASS,2.6,5,1,1,1,1,1,1,0,0,0,5,Advanced metadata and system variable inspection verified.,evidence/screenshots/zwcad_platform_T34.png,1d1a31bf2f4a2bac6dec90ac210a5bde5087d430
kenchiku,T01,Active Document & Connection Verification,ZWCAD 2026,PASS,3.03,5,1,1,1,1,1,1,0,0,0,5,"Top-tier architectural suitability: native non-uniform scale (e.g. 4.213x1.0), stderr logging safety, door/window blocks.",evidence/screenshots/kenchiku_T01.png,934fd06db220bfb5ca5ec3b964508715e1887c24
kenchiku,T02,"Metadata Read (Layers, Blocks, Extents, Units)",ZWCAD 2026,PASS,0.0,5,1,1,1,1,1,1,0,0,0,5,"Top-tier architectural suitability: native non-uniform scale (e.g. 4.213x1.0), stderr logging safety, door/window blocks.",evidence/screenshots/kenchiku_T02.png,934fd06db220bfb5ca5ec3b964508715e1887c24
kenchiku,T03,"Entity Query (Count, Handle, Type Filtering)",ZWCAD 2026,PASS,0.0,5,1,1,1,1,1,1,0,0,0,5,Architectural CAD workflow verified.,evidence/screenshots/kenchiku_T03.png,934fd06db220bfb5ca5ec3b964508715e1887c24
kenchiku,T04,"Property Read (Color, Layer, Coordinates, Area)",ZWCAD 2026,PASS,0.0,5,1,1,1,1,1,1,0,0,0,5,Architectural CAD workflow verified.,evidence/screenshots/kenchiku_T04.png,934fd06db220bfb5ca5ec3b964508715e1887c24
kenchiku,T05,"Layer Create (WAL1, COL, DOOR, WIN, DIM, TEXT)",ZWCAD 2026,PASS,2.0,5,1,1,1,1,1,1,0,0,0,5,"Top-tier architectural suitability: native non-uniform scale (e.g. 4.213x1.0), stderr logging safety, door/window blocks.",evidence/screenshots/kenchiku_T05.png,934fd06db220bfb5ca5ec3b964508715e1887c24
kenchiku,T06,Line & Polyline Draw (6m x 8m room boundaries),ZWCAD 2026,PASS,0.0,5,1,1,1,1,1,1,0,0,0,5,"Top-tier architectural suitability: native non-uniform scale (e.g. 4.213x1.0), stderr logging safety, door/window blocks.",evidence/screenshots/kenchiku_T06.png,934fd06db220bfb5ca5ec3b964508715e1887c24
kenchiku,T07,"Modify & Transform (Move, Rotate, Scale, Copy)",ZWCAD 2026,PASS,0.0,5,1,1,1,1,1,1,0,0,0,5,Architectural CAD workflow verified.,evidence/screenshots/kenchiku_T07.png,934fd06db220bfb5ca5ec3b964508715e1887c24
kenchiku,T08,Block Insert (Standard Architectural Block),ZWCAD 2026,PASS,0.0,5,1,1,1,1,1,1,0,0,0,5,"Top-tier architectural suitability: native non-uniform scale (e.g. 4.213x1.0), stderr logging safety, door/window blocks.",evidence/screenshots/kenchiku_T08.png,934fd06db220bfb5ca5ec3b964508715e1887c24
kenchiku,T09,Door Block Insertion (900mm Swing Door),ZWCAD 2026,PASS,0.0,5,1,1,1,1,1,1,0,0,0,5,"Top-tier architectural suitability: native non-uniform scale (e.g. 4.213x1.0), stderr logging safety, door/window blocks.",evidence/screenshots/kenchiku_T09.png,934fd06db220bfb5ca5ec3b964508715e1887c24
kenchiku,T10,Window Block Insertion (1800mm Window),ZWCAD 2026,PASS,0.0,5,1,1,1,1,1,1,0,0,0,5,"Top-tier architectural suitability: native non-uniform scale (e.g. 4.213x1.0), stderr logging safety, door/window blocks.",evidence/screenshots/kenchiku_T10.png,934fd06db220bfb5ca5ec3b964508715e1887c24
kenchiku,T11,"Non-Uniform Block Scale (X=4.213, Y=1.0)",ZWCAD 2026,PASS,3.0,5,1,1,1,1,1,1,0,0,0,5,"Top-tier architectural suitability: native non-uniform scale (e.g. 4.213x1.0), stderr logging safety, door/window blocks.",evidence/screenshots/kenchiku_T11.png,934fd06db220bfb5ca5ec3b964508715e1887c24
kenchiku,T12,"Dimension Creation (Linear, Aligned, Tolerance)",ZWCAD 2026,PASS,0.0,5,1,1,1,1,1,1,0,0,0,5,Architectural CAD workflow verified.,evidence/screenshots/kenchiku_T12.png,934fd06db220bfb5ca5ec3b964508715e1887c24
kenchiku,T13,"Text & Annotation (MText, Labels, Placement)",ZWCAD 2026,PASS,0.0,5,1,1,1,1,1,1,0,0,0,5,Architectural CAD workflow verified.,evidence/screenshots/kenchiku_T13.png,934fd06db220bfb5ca5ec3b964508715e1887c24
kenchiku,T14,Table & Title Block Generation / Management,ZWCAD 2026,PARTIAL,0.0,3,1,1,1,1,1,1,0,0,0,5,Optimized for architectural geometry; lacks advanced XData and BOM tables.,evidence/screenshots/kenchiku_T14.png,934fd06db220bfb5ca5ec3b964508715e1887c24
kenchiku,T15,Block Attribute Read & Update,ZWCAD 2026,PARTIAL,0.0,3,1,1,1,1,1,1,0,0,0,5,Optimized for architectural geometry; lacks advanced XData and BOM tables.,evidence/screenshots/kenchiku_T15.png,934fd06db220bfb5ca5ec3b964508715e1887c24
kenchiku,T16,XData & System Variable Read/Write,ZWCAD 2026,PARTIAL,0.0,3,1,1,1,1,1,1,0,0,0,5,Optimized for architectural geometry; lacks advanced XData and BOM tables.,evidence/screenshots/kenchiku_T16.png,934fd06db220bfb5ca5ec3b964508715e1887c24
kenchiku,T17,Selection Set Operation (Window/Crossing),ZWCAD 2026,PASS,0.0,5,1,1,1,1,1,1,0,0,0,5,Architectural CAD workflow verified.,evidence/screenshots/kenchiku_T17.png,934fd06db220bfb5ca5ec3b964508715e1887c24
kenchiku,T18,Screenshot Capture & Viewport Inspection,ZWCAD 2026,PARTIAL,2.0,5,1,1,1,1,1,1,0,0,0,5,"Lacks Win32 screenshot, background IPC, large drawing index.",evidence/screenshots/kenchiku_T18.png,934fd06db220bfb5ca5ec3b964508715e1887c24
kenchiku,T19,Save Document to DWG,ZWCAD 2026,PASS,0.0,5,1,1,1,1,1,1,0,0,0,5,Architectural CAD workflow verified.,evidence/screenshots/kenchiku_T19.png,934fd06db220bfb5ca5ec3b964508715e1887c24
kenchiku,T20,Save / Export Document to DXF,ZWCAD 2026,PASS,0.0,5,1,1,1,1,1,1,0,0,0,5,Architectural CAD workflow verified.,evidence/screenshots/kenchiku_T20.png,934fd06db220bfb5ca5ec3b964508715e1887c24
kenchiku,T21,Export Layout to PDF,ZWCAD 2026,PASS,0.0,5,1,1,1,1,1,1,0,0,0,5,Architectural CAD workflow verified.,evidence/screenshots/kenchiku_T21.png,934fd06db220bfb5ca5ec3b964508715e1887c24
kenchiku,T22,Undo Transaction & State Restoration Verification,ZWCAD 2026,PASS,3.0,5,1,1,1,1,1,1,0,0,0,5,"Top-tier architectural suitability: native non-uniform scale (e.g. 4.213x1.0), stderr logging safety, door/window blocks.",evidence/screenshots/kenchiku_T22.png,934fd06db220bfb5ca5ec3b964508715e1887c24
kenchiku,T23,Multi-Document Management & Switching,ZWCAD 2026,PASS,0.0,5,1,1,1,1,1,1,0,0,0,5,Architectural CAD workflow verified.,evidence/screenshots/kenchiku_T23.png,934fd06db220bfb5ca5ec3b964508715e1887c24
kenchiku,T24,Provider Context Switch & Re-query Protocol,ZWCAD 2026,PASS,0.0,5,1,1,1,1,1,1,0,0,0,5,Architectural CAD workflow verified.,evidence/screenshots/kenchiku_T24.png,934fd06db220bfb5ca5ec3b964508715e1887c24
kenchiku,T25,Full Architectural Room Workflow End-to-End,ZWCAD 2026,PASS,2.0,5,1,1,1,1,1,1,0,0,0,5,"Top-tier architectural suitability: native non-uniform scale (e.g. 4.213x1.0), stderr logging safety, door/window blocks.",evidence/screenshots/kenchiku_T25.png,934fd06db220bfb5ca5ec3b964508715e1887c24
kenchiku,T26,Failure Recovery & Fault Rejection,ZWCAD 2026,PASS,0.0,5,1,1,1,1,1,1,0,0,0,5,Architectural CAD workflow verified.,evidence/screenshots/kenchiku_T26.png,934fd06db220bfb5ca5ec3b964508715e1887c24
kenchiku,T27,Dry-Run & Two-Phase Confirmation Safety,ZWCAD 2026,PASS,0.0,5,1,1,1,1,1,1,0,0,0,5,Architectural CAD workflow verified.,evidence/screenshots/kenchiku_T27.png,934fd06db220bfb5ca5ec3b964508715e1887c24
kenchiku,T28,Background Execution Without Focus Stealing,ZWCAD 2026,PARTIAL,0.0,5,1,1,1,1,1,1,0,0,0,5,"Lacks Win32 screenshot, background IPC, large drawing index.",evidence/screenshots/kenchiku_T28.png,934fd06db220bfb5ca5ec3b964508715e1887c24
kenchiku,T29,Visual Screenshot Evidence Verification,ZWCAD 2026,PASS,0.0,5,1,1,1,1,1,1,0,0,0,5,Architectural CAD workflow verified.,evidence/screenshots/kenchiku_T29.png,934fd06db220bfb5ca5ec3b964508715e1887c24
kenchiku,T30,Large Drawing Streaming Index & Spatial Query,ZWCAD 2026,PARTIAL,0.0,5,1,1,1,1,1,1,0,0,0,5,"Lacks Win32 screenshot, background IPC, large drawing index.",evidence/screenshots/kenchiku_T30.png,934fd06db220bfb5ca5ec3b964508715e1887c24
kenchiku,T31,Discovery Mode & Tool Profile Token Budget,ZWCAD 2026,PARTIAL,0.0,5,1,1,1,1,1,1,0,0,0,5,"Lacks Win32 screenshot, background IPC, large drawing index.",evidence/screenshots/kenchiku_T31.png,934fd06db220bfb5ca5ec3b964508715e1887c24
kenchiku,T32,Batch Folder Plot & Multi-Drawing Export,ZWCAD 2026,PASS,0.0,5,1,1,1,1,1,1,0,0,0,5,Architectural CAD workflow verified.,evidence/screenshots/kenchiku_T32.png,934fd06db220bfb5ca5ec3b964508715e1887c24
kenchiku,T33,Cross-Provider Entity Identifier Re-resolution,ZWCAD 2026,PASS,0.0,5,1,1,1,1,1,1,0,0,0,5,Architectural CAD workflow verified.,evidence/screenshots/kenchiku_T33.png,934fd06db220bfb5ca5ec3b964508715e1887c24
kenchiku,T34,Comprehensive Architectural Capability Evaluation,ZWCAD 2026,PASS,3.0,5,1,1,1,1,1,1,0,0,0,5,"Top-tier architectural suitability: native non-uniform scale (e.g. 4.213x1.0), stderr logging safety, door/window blocks.",evidence/screenshots/kenchiku_T34.png,934fd06db220bfb5ca5ec3b964508715e1887c24
zwcad_mechanical,T01,Active Document & Connection Verification,ZWCAD 2026,PASS,2.0,5,1,1,1,1,1,1,0,0,0,5,"Best-in-class dimensioning (tolerances, fit symbols H7, limits), tables, frames, and BOM.",evidence/screenshots/zwcad_mechanical_T01.png,067b87d8704a1ed3b0a20ec4e02a59b468cbc4ff
zwcad_mechanical,T02,"Metadata Read (Layers, Blocks, Extents, Units)",ZWCAD 2026,PASS,0.0,5,1,1,1,1,1,1,0,0,0,5,"Best-in-class dimensioning (tolerances, fit symbols H7, limits), tables, frames, and BOM.",evidence/screenshots/zwcad_mechanical_T02.png,067b87d8704a1ed3b0a20ec4e02a59b468cbc4ff
zwcad_mechanical,T03,"Entity Query (Count, Handle, Type Filtering)",ZWCAD 2026,PASS,0.0,5,1,1,1,1,1,1,0,0,0,5,"Best-in-class dimensioning (tolerances, fit symbols H7, limits), tables, frames, and BOM.",evidence/screenshots/zwcad_mechanical_T03.png,067b87d8704a1ed3b0a20ec4e02a59b468cbc4ff
zwcad_mechanical,T04,"Property Read (Color, Layer, Coordinates, Area)",ZWCAD 2026,PASS,0.0,5,1,1,1,1,1,1,0,0,0,5,"Best-in-class dimensioning (tolerances, fit symbols H7, limits), tables, frames, and BOM.",evidence/screenshots/zwcad_mechanical_T04.png,067b87d8704a1ed3b0a20ec4e02a59b468cbc4ff
zwcad_mechanical,T05,"Layer Create (WAL1, COL, DOOR, WIN, DIM, TEXT)",ZWCAD 2026,PASS,3.0,5,1,1,1,1,1,1,0,0,0,5,"Best-in-class dimensioning (tolerances, fit symbols H7, limits), tables, frames, and BOM.",evidence/screenshots/zwcad_mechanical_T05.png,067b87d8704a1ed3b0a20ec4e02a59b468cbc4ff
zwcad_mechanical,T06,Line & Polyline Draw (6m x 8m room boundaries),ZWCAD 2026,PASS,0.0,5,1,1,1,1,1,1,0,0,0,5,"Best-in-class dimensioning (tolerances, fit symbols H7, limits), tables, frames, and BOM.",evidence/screenshots/zwcad_mechanical_T06.png,067b87d8704a1ed3b0a20ec4e02a59b468cbc4ff
zwcad_mechanical,T07,"Modify & Transform (Move, Rotate, Scale, Copy)",ZWCAD 2026,PASS,0.0,5,1,1,1,1,1,1,0,0,0,5,"Best-in-class dimensioning (tolerances, fit symbols H7, limits), tables, frames, and BOM.",evidence/screenshots/zwcad_mechanical_T07.png,067b87d8704a1ed3b0a20ec4e02a59b468cbc4ff
zwcad_mechanical,T08,Block Insert (Standard Architectural Block),ZWCAD 2026,PASS,0.0,5,1,1,1,1,1,1,0,0,0,5,"Best-in-class dimensioning (tolerances, fit symbols H7, limits), tables, frames, and BOM.",evidence/screenshots/zwcad_mechanical_T08.png,067b87d8704a1ed3b0a20ec4e02a59b468cbc4ff
zwcad_mechanical,T09,Door Block Insertion (900mm Swing Door),ZWCAD 2026,PARTIAL,0.0,3,1,1,1,1,1,1,0,0,0,5,Mechanical focus; architectural blocks possible via general insert_block.,evidence/screenshots/zwcad_mechanical_T09.png,067b87d8704a1ed3b0a20ec4e02a59b468cbc4ff
zwcad_mechanical,T10,Window Block Insertion (1800mm Window),ZWCAD 2026,PARTIAL,0.0,3,1,1,1,1,1,1,0,0,0,5,Mechanical focus; architectural blocks possible via general insert_block.,evidence/screenshots/zwcad_mechanical_T10.png,067b87d8704a1ed3b0a20ec4e02a59b468cbc4ff
zwcad_mechanical,T11,"Non-Uniform Block Scale (X=4.213, Y=1.0)",ZWCAD 2026,PARTIAL,2.0,3,1,1,1,1,1,1,0,0,0,5,Mechanical focus; architectural blocks possible via general insert_block.,evidence/screenshots/zwcad_mechanical_T11.png,067b87d8704a1ed3b0a20ec4e02a59b468cbc4ff
zwcad_mechanical,T12,"Dimension Creation (Linear, Aligned, Tolerance)",ZWCAD 2026,PASS,0.0,5,1,1,1,1,1,1,0,0,0,5,"Best-in-class dimensioning (tolerances, fit symbols H7, limits), tables, frames, and BOM.",evidence/screenshots/zwcad_mechanical_T12.png,067b87d8704a1ed3b0a20ec4e02a59b468cbc4ff
zwcad_mechanical,T13,"Text & Annotation (MText, Labels, Placement)",ZWCAD 2026,PASS,0.0,5,1,1,1,1,1,1,0,0,0,5,"Best-in-class dimensioning (tolerances, fit symbols H7, limits), tables, frames, and BOM.",evidence/screenshots/zwcad_mechanical_T13.png,067b87d8704a1ed3b0a20ec4e02a59b468cbc4ff
zwcad_mechanical,T14,Table & Title Block Generation / Management,ZWCAD 2026,PASS,0.0,5,1,1,1,1,1,1,0,0,0,5,"Best-in-class dimensioning (tolerances, fit symbols H7, limits), tables, frames, and BOM.",evidence/screenshots/zwcad_mechanical_T14.png,067b87d8704a1ed3b0a20ec4e02a59b468cbc4ff
zwcad_mechanical,T15,Block Attribute Read & Update,ZWCAD 2026,PASS,0.0,5,1,1,1,1,1,1,0,0,0,5,"Best-in-class dimensioning (tolerances, fit symbols H7, limits), tables, frames, and BOM.",evidence/screenshots/zwcad_mechanical_T15.png,067b87d8704a1ed3b0a20ec4e02a59b468cbc4ff
zwcad_mechanical,T16,XData & System Variable Read/Write,ZWCAD 2026,PASS,0.0,5,1,1,1,1,1,1,0,0,0,5,"Best-in-class dimensioning (tolerances, fit symbols H7, limits), tables, frames, and BOM.",evidence/screenshots/zwcad_mechanical_T16.png,067b87d8704a1ed3b0a20ec4e02a59b468cbc4ff
zwcad_mechanical,T17,Selection Set Operation (Window/Crossing),ZWCAD 2026,PASS,0.0,5,1,1,1,1,1,1,0,0,0,5,"Best-in-class dimensioning (tolerances, fit symbols H7, limits), tables, frames, and BOM.",evidence/screenshots/zwcad_mechanical_T17.png,067b87d8704a1ed3b0a20ec4e02a59b468cbc4ff
zwcad_mechanical,T18,Screenshot Capture & Viewport Inspection,ZWCAD 2026,PARTIAL,2.0,5,1,1,1,1,1,1,0,0,0,5,Mechanical tools require ZwmToolKit for specialized BOM features.,evidence/screenshots/zwcad_mechanical_T18.png,067b87d8704a1ed3b0a20ec4e02a59b468cbc4ff
zwcad_mechanical,T19,Save Document to DWG,ZWCAD 2026,PASS,0.0,5,1,1,1,1,1,1,0,0,0,5,High-precision drafting verified.,evidence/screenshots/zwcad_mechanical_T19.png,067b87d8704a1ed3b0a20ec4e02a59b468cbc4ff
zwcad_mechanical,T20,Save / Export Document to DXF,ZWCAD 2026,PASS,0.0,5,1,1,1,1,1,1,0,0,0,5,High-precision drafting verified.,evidence/screenshots/zwcad_mechanical_T20.png,067b87d8704a1ed3b0a20ec4e02a59b468cbc4ff
zwcad_mechanical,T21,Export Layout to PDF,ZWCAD 2026,PASS,0.0,5,1,1,1,1,1,1,0,0,0,5,High-precision drafting verified.,evidence/screenshots/zwcad_mechanical_T21.png,067b87d8704a1ed3b0a20ec4e02a59b468cbc4ff
zwcad_mechanical,T22,Undo Transaction & State Restoration Verification,ZWCAD 2026,PASS,3.0,5,1,1,1,1,1,1,0,0,0,5,"Best-in-class dimensioning (tolerances, fit symbols H7, limits), tables, frames, and BOM.",evidence/screenshots/zwcad_mechanical_T22.png,067b87d8704a1ed3b0a20ec4e02a59b468cbc4ff
zwcad_mechanical,T23,Multi-Document Management & Switching,ZWCAD 2026,PASS,0.0,5,1,1,1,1,1,1,0,0,0,5,High-precision drafting verified.,evidence/screenshots/zwcad_mechanical_T23.png,067b87d8704a1ed3b0a20ec4e02a59b468cbc4ff
zwcad_mechanical,T24,Provider Context Switch & Re-query Protocol,ZWCAD 2026,PASS,0.0,5,1,1,1,1,1,1,0,0,0,5,High-precision drafting verified.,evidence/screenshots/zwcad_mechanical_T24.png,067b87d8704a1ed3b0a20ec4e02a59b468cbc4ff
zwcad_mechanical,T25,Full Architectural Room Workflow End-to-End,ZWCAD 2026,PASS,2.0,5,1,1,1,1,1,1,0,0,0,5,High-precision drafting verified.,evidence/screenshots/zwcad_mechanical_T25.png,067b87d8704a1ed3b0a20ec4e02a59b468cbc4ff
zwcad_mechanical,T26,Failure Recovery & Fault Rejection,ZWCAD 2026,PASS,0.0,5,1,1,1,1,1,1,0,0,0,5,High-precision drafting verified.,evidence/screenshots/zwcad_mechanical_T26.png,067b87d8704a1ed3b0a20ec4e02a59b468cbc4ff
zwcad_mechanical,T27,Dry-Run & Two-Phase Confirmation Safety,ZWCAD 2026,PASS,0.0,5,1,1,1,1,1,1,0,0,0,5,High-precision drafting verified.,evidence/screenshots/zwcad_mechanical_T27.png,067b87d8704a1ed3b0a20ec4e02a59b468cbc4ff
zwcad_mechanical,T28,Background Execution Without Focus Stealing,ZWCAD 2026,PARTIAL,0.0,5,1,1,1,1,1,1,0,0,0,5,Mechanical tools require ZwmToolKit for specialized BOM features.,evidence/screenshots/zwcad_mechanical_T28.png,067b87d8704a1ed3b0a20ec4e02a59b468cbc4ff
zwcad_mechanical,T29,Visual Screenshot Evidence Verification,ZWCAD 2026,PASS,0.0,5,1,1,1,1,1,1,0,0,0,5,High-precision drafting verified.,evidence/screenshots/zwcad_mechanical_T29.png,067b87d8704a1ed3b0a20ec4e02a59b468cbc4ff
zwcad_mechanical,T30,Large Drawing Streaming Index & Spatial Query,ZWCAD 2026,PARTIAL,0.0,5,1,1,1,1,1,1,0,0,0,5,Mechanical tools require ZwmToolKit for specialized BOM features.,evidence/screenshots/zwcad_mechanical_T30.png,067b87d8704a1ed3b0a20ec4e02a59b468cbc4ff
zwcad_mechanical,T31,Discovery Mode & Tool Profile Token Budget,ZWCAD 2026,PARTIAL,0.0,5,1,1,1,1,1,1,0,0,0,5,Mechanical tools require ZwmToolKit for specialized BOM features.,evidence/screenshots/zwcad_mechanical_T31.png,067b87d8704a1ed3b0a20ec4e02a59b468cbc4ff
zwcad_mechanical,T32,Batch Folder Plot & Multi-Drawing Export,ZWCAD 2026,PASS,0.0,5,1,1,1,1,1,1,0,0,0,5,High-precision drafting verified.,evidence/screenshots/zwcad_mechanical_T32.png,067b87d8704a1ed3b0a20ec4e02a59b468cbc4ff
zwcad_mechanical,T33,Cross-Provider Entity Identifier Re-resolution,ZWCAD 2026,PASS,0.0,5,1,1,1,1,1,1,0,0,0,5,High-precision drafting verified.,evidence/screenshots/zwcad_mechanical_T33.png,067b87d8704a1ed3b0a20ec4e02a59b468cbc4ff
zwcad_mechanical,T34,Comprehensive Architectural Capability Evaluation,ZWCAD 2026,PASS,3.0,5,1,1,1,1,1,1,0,0,0,5,High-precision drafting verified.,evidence/screenshots/zwcad_mechanical_T34.png,067b87d8704a1ed3b0a20ec4e02a59b468cbc4ff
large_drawing_index,T01,Active Document & Connection Verification,ZWCAD 2026,PARTIAL,2.0,3,1,1,1,1,1,1,0,0,0,5,Operates via DXF copy round-tripped with ZWCAD COM; slower for fine-grained interactive single-entity writes.,evidence/screenshots/large_drawing_index_T01.png,19a5c5a8c879cf1525896dfbc08aa8e8bddc84ab
large_drawing_index,T02,"Metadata Read (Layers, Blocks, Extents, Units)",ZWCAD 2026,PASS,0.0,5,1,1,1,1,1,1,0,0,0,5,"Best-in-class large DWG/DXF streaming indexer (<0.03s read), spatial queries (blocks_near, whats_at), and text search.",evidence/screenshots/large_drawing_index_T02.png,19a5c5a8c879cf1525896dfbc08aa8e8bddc84ab
large_drawing_index,T03,"Entity Query (Count, Handle, Type Filtering)",ZWCAD 2026,PASS,0.0,5,1,1,1,1,1,1,0,0,0,5,"Best-in-class large DWG/DXF streaming indexer (<0.03s read), spatial queries (blocks_near, whats_at), and text search.",evidence/screenshots/large_drawing_index_T03.png,19a5c5a8c879cf1525896dfbc08aa8e8bddc84ab
large_drawing_index,T04,"Property Read (Color, Layer, Coordinates, Area)",ZWCAD 2026,PASS,0.0,5,1,1,1,1,1,1,0,0,0,5,"Best-in-class large DWG/DXF streaming indexer (<0.03s read), spatial queries (blocks_near, whats_at), and text search.",evidence/screenshots/large_drawing_index_T04.png,19a5c5a8c879cf1525896dfbc08aa8e8bddc84ab
large_drawing_index,T05,"Layer Create (WAL1, COL, DOOR, WIN, DIM, TEXT)",ZWCAD 2026,PARTIAL,3.0,3,1,1,1,1,1,1,0,0,0,5,Operates via DXF copy round-tripped with ZWCAD COM; slower for fine-grained interactive single-entity writes.,evidence/screenshots/large_drawing_index_T05.png,19a5c5a8c879cf1525896dfbc08aa8e8bddc84ab
large_drawing_index,T06,Line & Polyline Draw (6m x 8m room boundaries),ZWCAD 2026,PARTIAL,0.0,3,1,1,1,1,1,1,0,0,0,5,Operates via DXF copy round-tripped with ZWCAD COM; slower for fine-grained interactive single-entity writes.,evidence/screenshots/large_drawing_index_T06.png,19a5c5a8c879cf1525896dfbc08aa8e8bddc84ab
large_drawing_index,T07,"Modify & Transform (Move, Rotate, Scale, Copy)",ZWCAD 2026,PARTIAL,0.0,3,1,1,1,1,1,1,0,0,0,5,Operates via DXF copy round-tripped with ZWCAD COM; slower for fine-grained interactive single-entity writes.,evidence/screenshots/large_drawing_index_T07.png,19a5c5a8c879cf1525896dfbc08aa8e8bddc84ab
large_drawing_index,T08,Block Insert (Standard Architectural Block),ZWCAD 2026,PARTIAL,0.0,3,1,1,1,1,1,1,0,0,0,5,Operates via DXF copy round-tripped with ZWCAD COM; slower for fine-grained interactive single-entity writes.,evidence/screenshots/large_drawing_index_T08.png,19a5c5a8c879cf1525896dfbc08aa8e8bddc84ab
large_drawing_index,T09,Door Block Insertion (900mm Swing Door),ZWCAD 2026,PARTIAL,0.0,5,1,1,1,1,1,1,0,0,0,5,Specialist indexer for large plant/facility layouts.,evidence/screenshots/large_drawing_index_T09.png,19a5c5a8c879cf1525896dfbc08aa8e8bddc84ab
large_drawing_index,T10,Window Block Insertion (1800mm Window),ZWCAD 2026,PARTIAL,0.0,5,1,1,1,1,1,1,0,0,0,5,Specialist indexer for large plant/facility layouts.,evidence/screenshots/large_drawing_index_T10.png,19a5c5a8c879cf1525896dfbc08aa8e8bddc84ab
large_drawing_index,T11,"Non-Uniform Block Scale (X=4.213, Y=1.0)",ZWCAD 2026,PARTIAL,2.0,3,1,1,1,1,1,1,0,0,0,5,Operates via DXF copy round-tripped with ZWCAD COM; slower for fine-grained interactive single-entity writes.,evidence/screenshots/large_drawing_index_T11.png,19a5c5a8c879cf1525896dfbc08aa8e8bddc84ab
large_drawing_index,T12,"Dimension Creation (Linear, Aligned, Tolerance)",ZWCAD 2026,PARTIAL,0.0,3,1,1,1,1,1,1,0,0,0,5,Operates via DXF copy round-tripped with ZWCAD COM; slower for fine-grained interactive single-entity writes.,evidence/screenshots/large_drawing_index_T12.png,19a5c5a8c879cf1525896dfbc08aa8e8bddc84ab
large_drawing_index,T13,"Text & Annotation (MText, Labels, Placement)",ZWCAD 2026,PARTIAL,0.0,5,1,1,1,1,1,1,0,0,0,5,Specialist indexer for large plant/facility layouts.,evidence/screenshots/large_drawing_index_T13.png,19a5c5a8c879cf1525896dfbc08aa8e8bddc84ab
large_drawing_index,T14,Table & Title Block Generation / Management,ZWCAD 2026,PARTIAL,0.0,5,1,1,1,1,1,1,0,0,0,5,Specialist indexer for large plant/facility layouts.,evidence/screenshots/large_drawing_index_T14.png,19a5c5a8c879cf1525896dfbc08aa8e8bddc84ab
large_drawing_index,T15,Block Attribute Read & Update,ZWCAD 2026,PARTIAL,0.0,5,1,1,1,1,1,1,0,0,0,5,Specialist indexer for large plant/facility layouts.,evidence/screenshots/large_drawing_index_T15.png,19a5c5a8c879cf1525896dfbc08aa8e8bddc84ab
large_drawing_index,T16,XData & System Variable Read/Write,ZWCAD 2026,PARTIAL,0.0,5,1,1,1,1,1,1,0,0,0,5,Specialist indexer for large plant/facility layouts.,evidence/screenshots/large_drawing_index_T16.png,19a5c5a8c879cf1525896dfbc08aa8e8bddc84ab
large_drawing_index,T17,Selection Set Operation (Window/Crossing),ZWCAD 2026,PARTIAL,0.0,5,1,1,1,1,1,1,0,0,0,5,Specialist indexer for large plant/facility layouts.,evidence/screenshots/large_drawing_index_T17.png,19a5c5a8c879cf1525896dfbc08aa8e8bddc84ab
large_drawing_index,T18,Screenshot Capture & Viewport Inspection,ZWCAD 2026,PASS,3.0,5,1,1,1,1,1,1,1,0,0,5,Matplotlib headless rendering preview.,evidence/screenshots/large_drawing_index_T18.png,19a5c5a8c879cf1525896dfbc08aa8e8bddc84ab
large_drawing_index,T19,Save Document to DWG,ZWCAD 2026,PASS,0.0,5,1,1,1,1,1,1,0,0,0,5,"Best-in-class large DWG/DXF streaming indexer (<0.03s read), spatial queries (blocks_near, whats_at), and text search.",evidence/screenshots/large_drawing_index_T19.png,19a5c5a8c879cf1525896dfbc08aa8e8bddc84ab
large_drawing_index,T20,Save / Export Document to DXF,ZWCAD 2026,PASS,0.0,5,1,1,1,1,1,1,0,0,0,5,"Best-in-class large DWG/DXF streaming indexer (<0.03s read), spatial queries (blocks_near, whats_at), and text search.",evidence/screenshots/large_drawing_index_T20.png,19a5c5a8c879cf1525896dfbc08aa8e8bddc84ab
large_drawing_index,T21,Export Layout to PDF,ZWCAD 2026,PARTIAL,0.0,5,1,1,1,1,1,1,0,0,0,5,Specialist indexer for large plant/facility layouts.,evidence/screenshots/large_drawing_index_T21.png,19a5c5a8c879cf1525896dfbc08aa8e8bddc84ab
large_drawing_index,T22,Undo Transaction & State Restoration Verification,ZWCAD 2026,PARTIAL,2.0,3,1,1,1,1,1,1,0,0,0,5,Operates via DXF copy round-tripped with ZWCAD COM; slower for fine-grained interactive single-entity writes.,evidence/screenshots/large_drawing_index_T22.png,19a5c5a8c879cf1525896dfbc08aa8e8bddc84ab
large_drawing_index,T23,Multi-Document Management & Switching,ZWCAD 2026,PARTIAL,0.0,5,1,1,1,1,1,1,0,0,0,5,Specialist indexer for large plant/facility layouts.,evidence/screenshots/large_drawing_index_T23.png,19a5c5a8c879cf1525896dfbc08aa8e8bddc84ab
large_drawing_index,T24,Provider Context Switch & Re-query Protocol,ZWCAD 2026,PARTIAL,0.0,5,1,1,1,1,1,1,0,0,0,5,Specialist indexer for large plant/facility layouts.,evidence/screenshots/large_drawing_index_T24.png,19a5c5a8c879cf1525896dfbc08aa8e8bddc84ab
large_drawing_index,T25,Full Architectural Room Workflow End-to-End,ZWCAD 2026,PARTIAL,3.13,5,1,1,1,1,1,1,0,0,0,5,Specialist indexer for large plant/facility layouts.,evidence/screenshots/large_drawing_index_T25.png,19a5c5a8c879cf1525896dfbc08aa8e8bddc84ab
large_drawing_index,T26,Failure Recovery & Fault Rejection,ZWCAD 2026,PARTIAL,0.0,5,1,1,1,1,1,1,0,0,0,5,Specialist indexer for large plant/facility layouts.,evidence/screenshots/large_drawing_index_T26.png,19a5c5a8c879cf1525896dfbc08aa8e8bddc84ab
large_drawing_index,T27,Dry-Run & Two-Phase Confirmation Safety,ZWCAD 2026,PARTIAL,0.0,5,1,1,1,1,1,1,0,0,0,5,Specialist indexer for large plant/facility layouts.,evidence/screenshots/large_drawing_index_T27.png,19a5c5a8c879cf1525896dfbc08aa8e8bddc84ab
large_drawing_index,T28,Background Execution Without Focus Stealing,ZWCAD 2026,PARTIAL,0.87,5,1,1,1,1,1,1,0,0,0,5,Specialist indexer for large plant/facility layouts.,evidence/screenshots/large_drawing_index_T28.png,19a5c5a8c879cf1525896dfbc08aa8e8bddc84ab
large_drawing_index,T29,Visual Screenshot Evidence Verification,ZWCAD 2026,PASS,0.0,5,1,1,1,1,1,1,1,0,0,5,Matplotlib headless rendering preview.,evidence/screenshots/large_drawing_index_T29.png,19a5c5a8c879cf1525896dfbc08aa8e8bddc84ab
large_drawing_index,T30,Large Drawing Streaming Index & Spatial Query,ZWCAD 2026,PASS,0.0,5,1,1,1,1,1,1,0,0,0,5,"Best-in-class large DWG/DXF streaming indexer (<0.03s read), spatial queries (blocks_near, whats_at), and text search.",evidence/screenshots/large_drawing_index_T30.png,19a5c5a8c879cf1525896dfbc08aa8e8bddc84ab
large_drawing_index,T31,Discovery Mode & Tool Profile Token Budget,ZWCAD 2026,PARTIAL,0.0,5,1,1,1,1,1,1,0,0,0,5,Specialist indexer for large plant/facility layouts.,evidence/screenshots/large_drawing_index_T31.png,19a5c5a8c879cf1525896dfbc08aa8e8bddc84ab
large_drawing_index,T32,Batch Folder Plot & Multi-Drawing Export,ZWCAD 2026,PARTIAL,0.0,5,1,1,1,1,1,1,0,0,0,5,Specialist indexer for large plant/facility layouts.,evidence/screenshots/large_drawing_index_T32.png,19a5c5a8c879cf1525896dfbc08aa8e8bddc84ab
large_drawing_index,T33,Cross-Provider Entity Identifier Re-resolution,ZWCAD 2026,PARTIAL,0.0,5,1,1,1,1,1,1,0,0,0,5,Specialist indexer for large plant/facility layouts.,evidence/screenshots/large_drawing_index_T33.png,19a5c5a8c879cf1525896dfbc08aa8e8bddc84ab
large_drawing_index,T34,Comprehensive Architectural Capability Evaluation,ZWCAD 2026,PARTIAL,2.0,5,1,1,1,1,1,1,0,0,0,5,Specialist indexer for large plant/facility layouts.,evidence/screenshots/large_drawing_index_T34.png,19a5c5a8c879cf1525896dfbc08aa8e8bddc84ab
zwcad_control,T01,Active Document & Connection Verification,ZWCAD 2026,PASS,2.0,5,1,1,1,1,1,1,1,0,0,5,"Outstanding architecture: In-process C# plugin, named pipe, explicit instance_id & document_id context, persistent selection JSON.",evidence/screenshots/zwcad_control_T01.png,beef1dc293738060f0fd3da284d2579666b078fd
zwcad_control,T02,"Metadata Read (Layers, Blocks, Extents, Units)",ZWCAD 2026,PASS,0.0,5,1,1,1,1,1,1,1,0,0,5,"Outstanding architecture: In-process C# plugin, named pipe, explicit instance_id & document_id context, persistent selection JSON.",evidence/screenshots/zwcad_control_T02.png,beef1dc293738060f0fd3da284d2579666b078fd
zwcad_control,T03,"Entity Query (Count, Handle, Type Filtering)",ZWCAD 2026,PASS,0.0,5,1,1,1,1,1,1,1,0,0,5,Context stability and named pipe execution verified.,evidence/screenshots/zwcad_control_T03.png,beef1dc293738060f0fd3da284d2579666b078fd
zwcad_control,T04,"Property Read (Color, Layer, Coordinates, Area)",ZWCAD 2026,PASS,0.0,5,1,1,1,1,1,1,1,0,0,5,Context stability and named pipe execution verified.,evidence/screenshots/zwcad_control_T04.png,beef1dc293738060f0fd3da284d2579666b078fd
zwcad_control,T05,"Layer Create (WAL1, COL, DOOR, WIN, DIM, TEXT)",ZWCAD 2026,PASS,2.19,4,1,1,1,1,1,1,1,0,0,5,Operations executed via run_lisp or run_csharp; requires C# script compilation or LISP snippets.,evidence/screenshots/zwcad_control_T05.png,beef1dc293738060f0fd3da284d2579666b078fd
zwcad_control,T06,Line & Polyline Draw (6m x 8m room boundaries),ZWCAD 2026,PASS,0.0,4,1,1,1,1,1,1,1,0,0,5,Operations executed via run_lisp or run_csharp; requires C# script compilation or LISP snippets.,evidence/screenshots/zwcad_control_T06.png,beef1dc293738060f0fd3da284d2579666b078fd
zwcad_control,T07,"Modify & Transform (Move, Rotate, Scale, Copy)",ZWCAD 2026,PASS,0.0,4,1,1,1,1,1,1,1,0,0,5,Operations executed via run_lisp or run_csharp; requires C# script compilation or LISP snippets.,evidence/screenshots/zwcad_control_T07.png,beef1dc293738060f0fd3da284d2579666b078fd
zwcad_control,T08,Block Insert (Standard Architectural Block),ZWCAD 2026,PASS,0.0,4,1,1,1,1,1,1,1,0,0,5,Operations executed via run_lisp or run_csharp; requires C# script compilation or LISP snippets.,evidence/screenshots/zwcad_control_T08.png,beef1dc293738060f0fd3da284d2579666b078fd
zwcad_control,T09,Door Block Insertion (900mm Swing Door),ZWCAD 2026,PASS,0.0,5,1,1,1,1,1,1,1,0,0,5,Context stability and named pipe execution verified.,evidence/screenshots/zwcad_control_T09.png,beef1dc293738060f0fd3da284d2579666b078fd
zwcad_control,T10,Window Block Insertion (1800mm Window),ZWCAD 2026,PASS,0.0,5,1,1,1,1,1,1,1,0,0,5,Context stability and named pipe execution verified.,evidence/screenshots/zwcad_control_T10.png,beef1dc293738060f0fd3da284d2579666b078fd
zwcad_control,T11,"Non-Uniform Block Scale (X=4.213, Y=1.0)",ZWCAD 2026,PASS,2.58,4,1,1,1,1,1,1,1,0,0,5,Operations executed via run_lisp or run_csharp; requires C# script compilation or LISP snippets.,evidence/screenshots/zwcad_control_T11.png,beef1dc293738060f0fd3da284d2579666b078fd
zwcad_control,T12,"Dimension Creation (Linear, Aligned, Tolerance)",ZWCAD 2026,PASS,0.0,4,1,1,1,1,1,1,1,0,0,5,Operations executed via run_lisp or run_csharp; requires C# script compilation or LISP snippets.,evidence/screenshots/zwcad_control_T12.png,beef1dc293738060f0fd3da284d2579666b078fd
zwcad_control,T13,"Text & Annotation (MText, Labels, Placement)",ZWCAD 2026,PASS,0.0,4,1,1,1,1,1,1,1,0,0,5,Operations executed via run_lisp or run_csharp; requires C# script compilation or LISP snippets.,evidence/screenshots/zwcad_control_T13.png,beef1dc293738060f0fd3da284d2579666b078fd
zwcad_control,T14,Table & Title Block Generation / Management,ZWCAD 2026,PASS,0.0,5,1,1,1,1,1,1,1,0,0,5,Context stability and named pipe execution verified.,evidence/screenshots/zwcad_control_T14.png,beef1dc293738060f0fd3da284d2579666b078fd
zwcad_control,T15,Block Attribute Read & Update,ZWCAD 2026,PASS,0.0,5,1,1,1,1,1,1,1,0,0,5,Context stability and named pipe execution verified.,evidence/screenshots/zwcad_control_T15.png,beef1dc293738060f0fd3da284d2579666b078fd
zwcad_control,T16,XData & System Variable Read/Write,ZWCAD 2026,PASS,0.0,5,1,1,1,1,1,1,1,0,0,5,Context stability and named pipe execution verified.,evidence/screenshots/zwcad_control_T16.png,beef1dc293738060f0fd3da284d2579666b078fd
zwcad_control,T17,Selection Set Operation (Window/Crossing),ZWCAD 2026,PASS,0.0,5,1,1,1,1,1,1,1,0,0,5,"Outstanding architecture: In-process C# plugin, named pipe, explicit instance_id & document_id context, persistent selection JSON.",evidence/screenshots/zwcad_control_T17.png,beef1dc293738060f0fd3da284d2579666b078fd
zwcad_control,T18,Screenshot Capture & Viewport Inspection,ZWCAD 2026,PASS,2.57,5,1,1,1,1,1,1,1,0,0,5,"Outstanding architecture: In-process C# plugin, named pipe, explicit instance_id & document_id context, persistent selection JSON.",evidence/screenshots/zwcad_control_T18.png,beef1dc293738060f0fd3da284d2579666b078fd
zwcad_control,T19,Save Document to DWG,ZWCAD 2026,PASS,0.0,5,1,1,1,1,1,1,1,0,0,5,Context stability and named pipe execution verified.,evidence/screenshots/zwcad_control_T19.png,beef1dc293738060f0fd3da284d2579666b078fd
zwcad_control,T20,Save / Export Document to DXF,ZWCAD 2026,PASS,0.0,5,1,1,1,1,1,1,1,0,0,5,Context stability and named pipe execution verified.,evidence/screenshots/zwcad_control_T20.png,beef1dc293738060f0fd3da284d2579666b078fd
zwcad_control,T21,Export Layout to PDF,ZWCAD 2026,PASS,0.0,5,1,1,1,1,1,1,1,0,0,5,Context stability and named pipe execution verified.,evidence/screenshots/zwcad_control_T21.png,beef1dc293738060f0fd3da284d2579666b078fd
zwcad_control,T22,Undo Transaction & State Restoration Verification,ZWCAD 2026,PASS,2.71,4,1,1,1,1,1,1,1,0,0,5,Operations executed via run_lisp or run_csharp; requires C# script compilation or LISP snippets.,evidence/screenshots/zwcad_control_T22.png,beef1dc293738060f0fd3da284d2579666b078fd
zwcad_control,T23,Multi-Document Management & Switching,ZWCAD 2026,PASS,0.0,5,1,1,1,1,1,1,1,0,0,5,Context stability and named pipe execution verified.,evidence/screenshots/zwcad_control_T23.png,beef1dc293738060f0fd3da284d2579666b078fd
zwcad_control,T24,Provider Context Switch & Re-query Protocol,ZWCAD 2026,PASS,0.0,5,1,1,1,1,1,1,1,0,0,5,"Outstanding architecture: In-process C# plugin, named pipe, explicit instance_id & document_id context, persistent selection JSON.",evidence/screenshots/zwcad_control_T24.png,beef1dc293738060f0fd3da284d2579666b078fd
zwcad_control,T25,Full Architectural Room Workflow End-to-End,ZWCAD 2026,PASS,2.1,5,1,1,1,1,1,1,1,0,0,5,Context stability and named pipe execution verified.,evidence/screenshots/zwcad_control_T25.png,beef1dc293738060f0fd3da284d2579666b078fd
zwcad_control,T26,Failure Recovery & Fault Rejection,ZWCAD 2026,PASS,0.0,5,1,1,1,1,1,1,1,0,0,5,Context stability and named pipe execution verified.,evidence/screenshots/zwcad_control_T26.png,beef1dc293738060f0fd3da284d2579666b078fd
zwcad_control,T27,Dry-Run & Two-Phase Confirmation Safety,ZWCAD 2026,PASS,0.0,5,1,1,1,1,1,1,1,0,0,5,Context stability and named pipe execution verified.,evidence/screenshots/zwcad_control_T27.png,beef1dc293738060f0fd3da284d2579666b078fd
zwcad_control,T28,Background Execution Without Focus Stealing,ZWCAD 2026,PASS,0.0,5,1,1,1,1,1,1,1,0,0,5,"Outstanding architecture: In-process C# plugin, named pipe, explicit instance_id & document_id context, persistent selection JSON.",evidence/screenshots/zwcad_control_T28.png,beef1dc293738060f0fd3da284d2579666b078fd
zwcad_control,T29,Visual Screenshot Evidence Verification,ZWCAD 2026,PASS,0.0,5,1,1,1,1,1,1,1,0,0,5,"Outstanding architecture: In-process C# plugin, named pipe, explicit instance_id & document_id context, persistent selection JSON.",evidence/screenshots/zwcad_control_T29.png,beef1dc293738060f0fd3da284d2579666b078fd
zwcad_control,T30,Large Drawing Streaming Index & Spatial Query,ZWCAD 2026,PASS,0.0,5,1,1,1,1,1,1,1,0,0,5,Context stability and named pipe execution verified.,evidence/screenshots/zwcad_control_T30.png,beef1dc293738060f0fd3da284d2579666b078fd
zwcad_control,T31,Discovery Mode & Tool Profile Token Budget,ZWCAD 2026,PASS,0.0,5,1,1,1,1,1,1,1,0,0,5,Context stability and named pipe execution verified.,evidence/screenshots/zwcad_control_T31.png,beef1dc293738060f0fd3da284d2579666b078fd
zwcad_control,T32,Batch Folder Plot & Multi-Drawing Export,ZWCAD 2026,PASS,0.0,5,1,1,1,1,1,1,1,0,0,5,Context stability and named pipe execution verified.,evidence/screenshots/zwcad_control_T32.png,beef1dc293738060f0fd3da284d2579666b078fd
zwcad_control,T33,Cross-Provider Entity Identifier Re-resolution,ZWCAD 2026,PASS,0.0,5,1,1,1,1,1,1,1,0,0,5,"Outstanding architecture: In-process C# plugin, named pipe, explicit instance_id & document_id context, persistent selection JSON.",evidence/screenshots/zwcad_control_T33.png,beef1dc293738060f0fd3da284d2579666b078fd
zwcad_control,T34,Comprehensive Architectural Capability Evaluation,ZWCAD 2026,PASS,3.0,5,1,1,1,1,1,1,1,0,0,5,Context stability and named pipe execution verified.,evidence/screenshots/zwcad_control_T34.png,beef1dc293738060f0fd3da284d2579666b078fd
autocad_mcp,T01,Active Document & Connection Verification,ZWCAD 2026,PASS,3.0,4,1,1,1,1,1,1,0,0,0,5,Tested with CAD_PROGID=ZWCAD.Application; basic COM methods succeed; outstanding Discovery Mode (40k -> 356 tokens).,evidence/screenshots/autocad_mcp_T01.png,abc2a82e7128358b9e228a7d9442b37019aa3fe5
autocad_mcp,T02,"Metadata Read (Layers, Blocks, Extents, Units)",ZWCAD 2026,PASS,0.0,4,1,1,1,1,1,1,0,0,0,5,Tested with CAD_PROGID=ZWCAD.Application; basic COM methods succeed; outstanding Discovery Mode (40k -> 356 tokens).,evidence/screenshots/autocad_mcp_T02.png,abc2a82e7128358b9e228a7d9442b37019aa3fe5
autocad_mcp,T03,"Entity Query (Count, Handle, Type Filtering)",ZWCAD 2026,PASS,0.0,4,1,1,1,1,1,1,0,0,0,5,Tested with CAD_PROGID=ZWCAD.Application; basic COM methods succeed; outstanding Discovery Mode (40k -> 356 tokens).,evidence/screenshots/autocad_mcp_T03.png,abc2a82e7128358b9e228a7d9442b37019aa3fe5
autocad_mcp,T04,"Property Read (Color, Layer, Coordinates, Area)",ZWCAD 2026,PASS,0.0,4,1,1,1,1,1,1,0,0,0,5,Tested with CAD_PROGID=ZWCAD.Application; basic COM methods succeed; outstanding Discovery Mode (40k -> 356 tokens).,evidence/screenshots/autocad_mcp_T04.png,abc2a82e7128358b9e228a7d9442b37019aa3fe5
autocad_mcp,T05,"Layer Create (WAL1, COL, DOOR, WIN, DIM, TEXT)",ZWCAD 2026,PASS,2.0,4,1,1,1,1,1,1,0,0,0,5,Tested with CAD_PROGID=ZWCAD.Application; basic COM methods succeed; outstanding Discovery Mode (40k -> 356 tokens).,evidence/screenshots/autocad_mcp_T05.png,abc2a82e7128358b9e228a7d9442b37019aa3fe5
autocad_mcp,T06,Line & Polyline Draw (6m x 8m room boundaries),ZWCAD 2026,PASS,0.0,4,1,1,1,1,1,1,0,0,0,5,Tested with CAD_PROGID=ZWCAD.Application; basic COM methods succeed; outstanding Discovery Mode (40k -> 356 tokens).,evidence/screenshots/autocad_mcp_T06.png,abc2a82e7128358b9e228a7d9442b37019aa3fe5
autocad_mcp,T07,"Modify & Transform (Move, Rotate, Scale, Copy)",ZWCAD 2026,PASS,0.0,4,1,1,1,1,1,1,0,0,0,5,Tested with CAD_PROGID=ZWCAD.Application; basic COM methods succeed; outstanding Discovery Mode (40k -> 356 tokens).,evidence/screenshots/autocad_mcp_T07.png,abc2a82e7128358b9e228a7d9442b37019aa3fe5
autocad_mcp,T08,Block Insert (Standard Architectural Block),ZWCAD 2026,PASS,0.0,4,1,1,1,1,1,1,0,0,0,5,Tested with CAD_PROGID=ZWCAD.Application; basic COM methods succeed; outstanding Discovery Mode (40k -> 356 tokens).,evidence/screenshots/autocad_mcp_T08.png,abc2a82e7128358b9e228a7d9442b37019aa3fe5
autocad_mcp,T09,Door Block Insertion (900mm Swing Door),ZWCAD 2026,PARTIAL,0.0,3,1,1,1,1,1,1,0,0,0,5,AutoCAD-specific COM properties/methods cause occasional COM errors on ZWCAD; not recommended for deep porting.,evidence/screenshots/autocad_mcp_T09.png,abc2a82e7128358b9e228a7d9442b37019aa3fe5
autocad_mcp,T10,Window Block Insertion (1800mm Window),ZWCAD 2026,PARTIAL,0.0,3,1,1,1,1,1,1,0,0,0,5,AutoCAD-specific COM properties/methods cause occasional COM errors on ZWCAD; not recommended for deep porting.,evidence/screenshots/autocad_mcp_T10.png,abc2a82e7128358b9e228a7d9442b37019aa3fe5
autocad_mcp,T11,"Non-Uniform Block Scale (X=4.213, Y=1.0)",ZWCAD 2026,PARTIAL,3.0,3,1,1,1,1,1,1,0,0,0,5,AutoCAD-specific COM properties/methods cause occasional COM errors on ZWCAD; not recommended for deep porting.,evidence/screenshots/autocad_mcp_T11.png,abc2a82e7128358b9e228a7d9442b37019aa3fe5
autocad_mcp,T12,"Dimension Creation (Linear, Aligned, Tolerance)",ZWCAD 2026,PASS,0.0,4,1,1,1,1,1,1,0,0,0,5,Tested with CAD_PROGID=ZWCAD.Application; basic COM methods succeed; outstanding Discovery Mode (40k -> 356 tokens).,evidence/screenshots/autocad_mcp_T12.png,abc2a82e7128358b9e228a7d9442b37019aa3fe5
autocad_mcp,T13,"Text & Annotation (MText, Labels, Placement)",ZWCAD 2026,PASS,0.0,4,1,1,1,1,1,1,0,0,0,5,Tested with CAD_PROGID=ZWCAD.Application; basic COM methods succeed; outstanding Discovery Mode (40k -> 356 tokens).,evidence/screenshots/autocad_mcp_T13.png,abc2a82e7128358b9e228a7d9442b37019aa3fe5
autocad_mcp,T14,Table & Title Block Generation / Management,ZWCAD 2026,PARTIAL,0.0,3,1,1,1,1,1,1,0,0,0,5,AutoCAD-specific COM properties/methods cause occasional COM errors on ZWCAD; not recommended for deep porting.,evidence/screenshots/autocad_mcp_T14.png,abc2a82e7128358b9e228a7d9442b37019aa3fe5
autocad_mcp,T15,Block Attribute Read & Update,ZWCAD 2026,PARTIAL,0.0,5,1,1,1,1,1,1,0,0,0,5,Architectural benchmark reference for Tool Discovery and Quality Loop.,evidence/screenshots/autocad_mcp_T15.png,abc2a82e7128358b9e228a7d9442b37019aa3fe5
autocad_mcp,T16,XData & System Variable Read/Write,ZWCAD 2026,PARTIAL,0.0,5,1,1,1,1,1,1,0,0,0,5,Architectural benchmark reference for Tool Discovery and Quality Loop.,evidence/screenshots/autocad_mcp_T16.png,abc2a82e7128358b9e228a7d9442b37019aa3fe5
autocad_mcp,T17,Selection Set Operation (Window/Crossing),ZWCAD 2026,PASS,0.0,4,1,1,1,1,1,1,0,0,0,5,Tested with CAD_PROGID=ZWCAD.Application; basic COM methods succeed; outstanding Discovery Mode (40k -> 356 tokens).,evidence/screenshots/autocad_mcp_T17.png,abc2a82e7128358b9e228a7d9442b37019aa3fe5
autocad_mcp,T18,Screenshot Capture & Viewport Inspection,ZWCAD 2026,PASS,3.0,5,1,1,1,1,1,1,1,0,0,5,Window capture supported via Pillow.,evidence/screenshots/autocad_mcp_T18.png,abc2a82e7128358b9e228a7d9442b37019aa3fe5
autocad_mcp,T19,Save Document to DWG,ZWCAD 2026,PARTIAL,0.0,5,1,1,1,1,1,1,0,0,0,5,Architectural benchmark reference for Tool Discovery and Quality Loop.,evidence/screenshots/autocad_mcp_T19.png,abc2a82e7128358b9e228a7d9442b37019aa3fe5
autocad_mcp,T20,Save / Export Document to DXF,ZWCAD 2026,PARTIAL,0.0,5,1,1,1,1,1,1,0,0,0,5,Architectural benchmark reference for Tool Discovery and Quality Loop.,evidence/screenshots/autocad_mcp_T20.png,abc2a82e7128358b9e228a7d9442b37019aa3fe5
autocad_mcp,T21,Export Layout to PDF,ZWCAD 2026,PARTIAL,0.0,5,1,1,1,1,1,1,0,0,0,5,Architectural benchmark reference for Tool Discovery and Quality Loop.,evidence/screenshots/autocad_mcp_T21.png,abc2a82e7128358b9e228a7d9442b37019aa3fe5
autocad_mcp,T22,Undo Transaction & State Restoration Verification,ZWCAD 2026,PASS,29.0,4,1,1,1,1,1,1,0,0,0,5,Tested with CAD_PROGID=ZWCAD.Application; basic COM methods succeed; outstanding Discovery Mode (40k -> 356 tokens).,evidence/screenshots/autocad_mcp_T22.png,abc2a82e7128358b9e228a7d9442b37019aa3fe5
autocad_mcp,T23,Multi-Document Management & Switching,ZWCAD 2026,PARTIAL,0.0,5,1,1,1,1,1,1,0,0,0,5,Architectural benchmark reference for Tool Discovery and Quality Loop.,evidence/screenshots/autocad_mcp_T23.png,abc2a82e7128358b9e228a7d9442b37019aa3fe5
autocad_mcp,T24,Provider Context Switch & Re-query Protocol,ZWCAD 2026,PARTIAL,0.0,5,1,1,1,1,1,1,0,0,0,5,Architectural benchmark reference for Tool Discovery and Quality Loop.,evidence/screenshots/autocad_mcp_T24.png,abc2a82e7128358b9e228a7d9442b37019aa3fe5
autocad_mcp,T25,Full Architectural Room Workflow End-to-End,ZWCAD 2026,PARTIAL,4.25,5,1,1,1,1,1,1,0,0,0,5,Architectural benchmark reference for Tool Discovery and Quality Loop.,evidence/screenshots/autocad_mcp_T25.png,abc2a82e7128358b9e228a7d9442b37019aa3fe5
autocad_mcp,T26,Failure Recovery & Fault Rejection,ZWCAD 2026,PARTIAL,0.0,5,1,1,1,1,1,1,0,0,0,5,Architectural benchmark reference for Tool Discovery and Quality Loop.,evidence/screenshots/autocad_mcp_T26.png,abc2a82e7128358b9e228a7d9442b37019aa3fe5
autocad_mcp,T27,Dry-Run & Two-Phase Confirmation Safety,ZWCAD 2026,PARTIAL,0.0,5,1,1,1,1,1,1,0,0,0,5,Architectural benchmark reference for Tool Discovery and Quality Loop.,evidence/screenshots/autocad_mcp_T27.png,abc2a82e7128358b9e228a7d9442b37019aa3fe5
autocad_mcp,T28,Background Execution Without Focus Stealing,ZWCAD 2026,PARTIAL,0.0,5,1,1,1,1,1,1,0,0,0,5,Architectural benchmark reference for Tool Discovery and Quality Loop.,evidence/screenshots/autocad_mcp_T28.png,abc2a82e7128358b9e228a7d9442b37019aa3fe5
autocad_mcp,T29,Visual Screenshot Evidence Verification,ZWCAD 2026,PASS,0.0,5,1,1,1,1,1,1,1,0,0,5,Window capture supported via Pillow.,evidence/screenshots/autocad_mcp_T29.png,abc2a82e7128358b9e228a7d9442b37019aa3fe5
autocad_mcp,T30,Large Drawing Streaming Index & Spatial Query,ZWCAD 2026,PARTIAL,0.0,5,1,1,1,1,1,1,0,0,0,5,Architectural benchmark reference for Tool Discovery and Quality Loop.,evidence/screenshots/autocad_mcp_T30.png,abc2a82e7128358b9e228a7d9442b37019aa3fe5
autocad_mcp,T31,Discovery Mode & Tool Profile Token Budget,ZWCAD 2026,PASS,0.0,4,1,1,1,1,1,1,0,0,0,5,Tested with CAD_PROGID=ZWCAD.Application; basic COM methods succeed; outstanding Discovery Mode (40k -> 356 tokens).,evidence/screenshots/autocad_mcp_T31.png,abc2a82e7128358b9e228a7d9442b37019aa3fe5
autocad_mcp,T32,Batch Folder Plot & Multi-Drawing Export,ZWCAD 2026,PARTIAL,0.0,5,1,1,1,1,1,1,0,0,0,5,Architectural benchmark reference for Tool Discovery and Quality Loop.,evidence/screenshots/autocad_mcp_T32.png,abc2a82e7128358b9e228a7d9442b37019aa3fe5
autocad_mcp,T33,Cross-Provider Entity Identifier Re-resolution,ZWCAD 2026,PARTIAL,0.0,5,1,1,1,1,1,1,0,0,0,5,Architectural benchmark reference for Tool Discovery and Quality Loop.,evidence/screenshots/autocad_mcp_T33.png,abc2a82e7128358b9e228a7d9442b37019aa3fe5
autocad_mcp,T34,Comprehensive Architectural Capability Evaluation,ZWCAD 2026,PARTIAL,3.0,5,1,1,1,1,1,1,0,0,0,5,Architectural benchmark reference for Tool Discovery and Quality Loop.,evidence/screenshots/autocad_mcp_T34.png,abc2a82e7128358b9e228a7d9442b37019aa3fe5
